{"stats":{"minecraft:picked_up":{"minecraft:crafting_table":1,"minecraft:stick":7,"minecraft:apple":3,"minecraft:oak_log":57,"minecraft:oak_sapling":5,"minecraft:dirt":3,"minecraft:cobblestone":12},"minecraft:custom":{"minecraft:time_since_rest":7609,"minecraft:play_one_minute":7609,"minecraft:sprint_one_cm":21672,"minecraft:walk_one_cm":10057,"minecraft:walk_under_water_one_cm":40,"minecraft:drop":2,"minecraft:jump":136,"minecraft:leave_game":1,"minecraft:time_since_death":7609,"minecraft:walk_on_water_one_cm":1076,"minecraft:swim_one_cm":286,"minecraft:interact_with_crafting_table":1,"minecraft:fall_one_cm":2988,"minecraft:fly_one_cm":34950},"minecraft:mined":{"minecraft:grass":3,"minecraft:grass_block":4,"minecraft:oak_log":63,"minecraft:stone":12,"minecraft:oak_leaves":1,"minecraft:crafting_table":1},"minecraft:crafted":{"minecraft:oak_planks":24,"minecraft:crafting_table":1,"minecraft:stick":8,"minecraft:wooden_pickaxe":1,"minecraft:wooden_axe":1},"minecraft:dropped":{"minecraft:oak_sapling":4},"minecraft:broken":{"minecraft:wooden_axe":1},"minecraft:used":{"minecraft:oak_log":56,"minecraft:wooden_axe":15,"minecraft:apple":1,"minecraft:cobblestone":4,"minecraft:crafting_table":1,"minecraft:oak_sapling":1,"minecraft:wooden_pickaxe":12}},"DataVersion":2586}