{"stats":{"minecraft:picked_up":{"minecraft:iron_chestplate":4,"cgm:basic_bullet":2212,"minecraft:chainmail_boots":2,"iceandfire:copper_sword":1,"minecraft:flower_pot":1,"minecraft:anvil":1,"minecraft:lead":2,"minecraft:enchanted_book":1,"minecraft:golden_sword":1,"iceandfire:manuscript":7,"paraglider:goddess_statue":2,"minecraft:string":65,"minecraft:red_nether_bricks":1,"minecraft:shroomlight":2,"minecraft:gold_nugget":154,"minecraft:spruce_planks":27,"storagedrawers:dark_oak_full_drawers_4":4,"minecraft:coal_block":2,"storagedrawers:dark_oak_full_drawers_1":7,"minecraft:sandstone_wall":1,"minecraft:golden_chestplate":1,"easy_villagers:villager":3,"minecraft:stone_sword":1,"iceandfire:fire_dragon_heart":3,"minecraft:iron_block":6,"tac:qbz_95":1,"minecraft:blaze_rod":35,"minecraft:iron_bars":17,"minecraft:birch_log":56,"iceandfire:sapphire_gem":1,"minecraft:feather":11,"minecraft:cooked_beef":34,"minecraft:water_bucket":1,"minecraft:dark_oak_boat":2,"minecraft:smoker":1,"minecraft:flint":10,"piratesandlootersreborn:palm_desk":3,"minecraft:lantern":1,"tombstone:familiar_receptacle":1,"minecraft:stonecutter":1,"minecraft:stripped_acacia_wood":2,"iceandfire:dragon_skull_fire":3,"iceandfire:shiny_scales":6,"sophisticatedbackpacks:iron_backpack":1,"minecraft:trapped_chest":2,"minecraft:dark_oak_log":483,"iceandfire:chared_cobblestone":19,"minecraft:dispenser":1,"minecraft:lever":3,"minecraft:granite":44,"minecraft:chainmail_helmet":1,"minecraft:bread":34,"minecraft:crimson_roots":4,"minecraft:diamond_pickaxe":2,"sophisticatedbackpacks:gold_backpack":3,"minecraft:crafting_table":15,"iceandfire:witherbone":39,"minecraft:nether_wart":20,"minecraft:leather_leggings":3,"iceandfire:sea_serpent_scales_blue":12,"minecraft:red_bed":17,"minecraft:flint_and_steel":5,"minecraft:iron_shovel":1,"minecraft:cracked_stone_bricks":6,"minecraft:beef":78,"minecraft:poppy":1,"minecraft:iron_nugget":118,"minecraft:chest":10,"minecraft:birch_sapling":16,"minecraft:piston":2,"minecraft:egg":5,"minecraft:sandstone":3,"enchantmentmachine:enchantment_block":1,"minecraft:oak_door":2,"minecraft:spruce_fence":3,"minecraft:fire_charge":10,"minecraft:carrot":5,"minecraft:redstone":90,"iceandfire:dragon_skull_ice":3,"minecraft:stone_shovel":2,"minecraft:hay_block":30,"storagedrawers:controller":2,"minecraft:gold_ingot":35,"minecraft:totem_of_undying":1,"minecraft:mutton":39,"minecraft:white_wool":31,"storagedrawers:birch_full_drawers_1":38,"minecraft:oxeye_daisy":2,"iceandfire:sea_serpent_fang":33,"minecraft:tripwire_hook":2,"tac:58x42":350,"minecraft:oak_log":246,"minecraft:lily_pad":2,"minecraft:golden_boots":1,"iceandfire:dragonscales_blue":8,"tombstone:gift":2,"piratesandlootersreborn:pirate_spader":4,"minecraft:apple":29,"minecraft:stone_bricks":13,"minecraft:kelp":7,"minecraft:iron_ore":277,"minecraft:cobweb":11,"tombstone:bag_of_seeds":4,"farlanders:endumium_crystal":3,"minecraft:iron_sword":2,"minecraft:dark_oak_stairs":3,"iceandfire:chared_stone":22,"minecraft:dark_oak_slab":3,"minecraft:gravel":96,"minecraft:crying_obsidian":15,"minecraft:leather_helmet":1,"infernalexp:shroomlight_fungus":3,"minecraft:diamond_shovel":1,"iceandfire:silver_sword":1,"minecraft:painting":1,"minecraft:gray_wool":2,"iceandfire:ice_dragon_flesh":20,"minecraft:melon_seeds":7,"minecraft:hopper":1,"minecraft:ender_pearl":13,"minecraft:wheat":2,"create:dolomite_cobblestone":1,"minecraft:redstone_block":1,"minecraft:nether_brick_fence":2,"artifacts:umbrella":1,"minecraft:potion":14,"minecraft:nether_brick":24,"minecraft:stone_brick_stairs":17,"minecraft:lapis_block":3,"minecraft:iron_leggings":3,"minecraft:redstone_torch":1,"minecraft:cobblestone_slab":13,"minecraft:iron_pickaxe":2,"iceandfire:dragonscales_red":37,"minecraft:furnace":13,"minecraft:iron_boots":6,"minecraft:tipped_arrow":4,"minecraft:stick":129,"iceandfire:ghost_chest":3,"minecraft:oak_fence":1,"minecraft:torch":56,"iceandfire:dragonscales_white":53,"minecraft:spruce_stairs":15,"minecraft:porkchop":6,"tombstone:grave_dust":40,"minecraft:diorite":209,"infernalexp:raw_hogchop":1,"minecraft:quartz_block":1,"minecraft:rotten_flesh":144,"minecraft:cod":1,"minecraft:obsidian":23,"minecraft:cobblestone":2660,"paraglider:paraglider":1,"minecraft:enchanting_table":1,"minecraft:leather_chestplate":1,"minecraft:andesite":75,"minecraft:golden_leggings":3,"minecraft:chiseled_quartz_block":2,"minecraft:potato":1,"paraglider:spirit_orb":168,"minecraft:dirt":119,"minecraft:lapis_lazuli":272,"iceandfire:dragonscales_bronze":41,"minecraft:name_tag":1,"minecraft:leather_boots":3,"minecraft:bone":228,"create:copper_ore":1,"minecraft:bow":2,"minecraft:wheat_seeds":6,"minecraft:mossy_stone_bricks":5,"minecraft:fletching_table":2,"minecraft:bamboo":1,"minecraft:mossy_stone_brick_stairs":3,"minecraft:oak_planks":40,"minecraft:black_terracotta":11,"minecraft:cooked_porkchop":43,"minecraft:poisonous_potato":10,"minecraft:sand":74,"minecraft:grass_block":2,"minecraft:diamond_block":3,"minecraft:spectral_arrow":46,"minecraft:mossy_cobblestone":6,"tombstone:scroll_of_mercy":1,"minecraft:light_gray_concrete":9,"minecraft:black_concrete":4,"minecraft:diamond":37,"tac:scar_h":2,"waystones:waystone":29,"minecraft:golden_apple":1,"piratesandlootersreborn:palm_desk_slab":1,"minecraft:emerald":53,"minecraft:oak_sapling":72,"minecraft:netherrack":263,"iceandfire:silver_nugget":34,"iceandfire:copper_ingot":1,"minecraft:cocoa_beans":3,"minecraft:azure_bluet":1,"minecraft:splash_potion":2,"minecraft:chicken":10,"minecraft:ladder":4,"piratesandlootersreborn:illager_silver_bar":3,"minecraft:brown_mushroom":2,"minecraft:gold_block":36,"iceandfire:frozen_cobblestone":19,"minecraft:shield":2,"minecraft:oak_trapdoor":1,"iceandfire:frozen_stone":12,"minecraft:iron_axe":4,"tac:bullet_308":480,"minecraft:blackstone":85,"oresabovediamonds:amethyst":1,"minecraft:oak_boat":6,"minecraft:player_head":1,"minecraft:light_gray_wool":2,"minecraft:lectern":7,"minecraft:sugar_cane":63,"iceandfire:ice_dragon_heart":1,"minecraft:dark_oak_sapling":40,"iceandfire:dragonbone":71,"minecraft:dark_oak_planks":1,"minecraft:weeping_vines":5,"iceandfire:silver_ingot":3,"iceandfire:sea_serpent_scales_purple":8,"minecraft:arrow":119,"minecraft:nether_bricks":24,"cgm:assault_rifle":3,"minecraft:saddle":2,"minecraft:crimson_stem":8,"minecraft:leather":107,"minecraft:birch_planks":3,"minecraft:chainmail_chestplate":6,"iceandfire:ectoplasm":3,"minecraft:gunpowder":57,"minecraft:nether_wart_block":143,"minecraft:cobblestone_stairs":5,"tombstone:voodoo_poppet":1,"minecraft:cooked_mutton":134,"minecraft:iron_ingot":65,"minecraft:cooked_chicken":3,"storagedrawers:oak_full_drawers_1":32,"minecraft:soul_sand":38,"iceandfire:sea_serpent_scales_deepblue":21,"iceandfire:fire_dragon_flesh":13,"minecraft:book":265,"minecraft:tropical_fish_bucket":1,"iceandfire:ash":1,"minecraft:quartz":30,"minecraft:blast_furnace":1,"minecraft:white_bed":1,"minecraft:gold_ore":10,"minecraft:spider_eye":2,"mowziesmobs:naga_fang":1,"minecraft:iron_helmet":3,"minecraft:mossy_cobblestone_stairs":2,"tombstone:magic_scroll":6,"minecraft:black_wool":2,"minecraft:coal":281},"minecraft:custom":{"minecraft:interact_with_crafting_table":150,"minecraft:open_barrel":43,"goblintraders:trade_with_goblin":209,"minecraft:leave_game":18,"minecraft:time_since_death":99447,"minecraft:damage_blocked_by_shield":585,"minecraft:deaths":13,"minecraft:jump":10200,"minecraft:enchant_item":13,"minecraft:interact_with_furnace":105,"minecraft:traded_with_villager":3,"minecraft:sleep_in_bed":7,"minecraft:waystone_activated":28,"tombstone:sneak_grave":1,"minecraft:damage_dealt":88147,"tombstone:undead_killed":441,"minecraft:inspect_dispenser":1,"minecraft:interact_with_anvil":3,"minecraft:inspect_hopper":12,"minecraft:damage_dealt_absorbed":140,"minecraft:sneak_time":30258,"tombstone:raider_killed":1,"minecraft:interact_with_stonecutter":3,"minecraft:time_since_rest":99210,"tombstone:cast_on_ally":0,"minecraft:swim_one_cm":318583,"minecraft:fly_one_cm":1389312,"minecraft:open_chest":500,"minecraft:fall_one_cm":195508,"minecraft:damage_resisted":323,"minecraft:sprint_one_cm":1925676,"minecraft:drop":254,"minecraft:talked_to_villager":21,"minecraft:interact_with_brewingstand":12,"minecraft:walk_on_water_one_cm":308436,"minecraft:play_one_minute":1395798,"minecraft:crouch_one_cm":60672,"tombstone:villager_killed":1,"minecraft:mob_kills":877,"tombstone:use_vanishing":1,"minecraft:damage_dealt_resisted":161,"minecraft:climb_one_cm":31166,"minecraft:walk_one_cm":2109917,"minecraft:walk_under_water_one_cm":139601,"minecraft:boat_one_cm":616416,"minecraft:raid_trigger":1,"minecraft:damage_taken":28470,"minecraft:damage_absorbed":1170,"minecraft:trigger_trapped_chest":6},"minecraft:crafted":{"minecraft:light_gray_concrete_powder":16,"minecraft:smooth_stone":3,"minecraft:blaze_powder":32,"enchantmentmachine:enchantment_block":1,"minecraft:lever":1,"minecraft:bookshelf":30,"minecraft:cooked_mutton":20,"minecraft:glass":33,"minecraft:diamond_helmet":1,"minecraft:diamond_leggings":1,"tombstone:dust_of_vanishing":1,"minecraft:glass_bottle":30,"minecraft:emerald":34,"minecraft:cooked_porkchop":12,"minecraft:diamond_axe":2,"storagedrawers:oak_full_drawers_1":23,"iceandfire:armor_white_helmet":1,"minecraft:iron_pickaxe":2,"iceandfire:armor_white_chestplate":1,"minecraft:iron_block":1,"minecraft:gold_ingot":148,"minecraft:light_gray_dye":3,"storagedrawers:upgrade_template":16,"tac:workbench":1,"minecraft:stone_shovel":1,"minecraft:iron_nugget":342,"iceandfire:dragonbone_sword_fire":1,"storagedrawers:dark_oak_full_drawers_1":19,"minecraft:bone_meal":45,"storagedrawers:emerald_storage_upgrade":16,"minecraft:diamond":18,"storagedrawers:birch_full_drawers_1":12,"minecraft:stone_pickaxe":2,"minecraft:diamond_boots":1,"minecraft:dark_oak_planks":760,"minecraft:wheat":210,"enchantmentmachine:enchanter_block":1,"iceandfire:dragonbone_sword":1,"minecraft:enchanting_table":1,"sophisticatedbackpacks:gold_backpack":2,"minecraft:enchanted_book":1,"iceandfire:armor_white_leggings":1,"minecraft:golden_apple":3,"minecraft:andesite_slab":6,"minecraft:fermented_spider_eye":1,"minecraft:wooden_axe":1,"minecraft:iron_shovel":1,"minecraft:iron_leggings":2,"minecraft:white_bed":1,"iceandfire:armor_bronze_leggings":1,"minecraft:oak_planks":1336,"minecraft:cobblestone_slab":156,"minecraft:dark_oak_boat":1,"minecraft:cooked_chicken":7,"minecraft:cobblestone_stairs":24,"enchantmentmachine:disenchanter_block":1,"minecraft:stone":93,"minecraft:dark_oak_door":3,"minecraft:hopper":8,"minecraft:iron_boots":2,"tombstone:grave_key":4,"minecraft:comparator":2,"minecraft:chest":122,"corail_recycler:recycler":1,"minecraft:golden_boots":2,"sophisticatedbackpacks:backpack":2,"minecraft:crafting_table":15,"minecraft:wooden_pickaxe":2,"minecraft:iron_helmet":2,"iceandfire:armor_white_boots":1,"minecraft:birch_planks":224,"minecraft:brewing_stand":2,"minecraft:book":1,"minecraft:iron_chestplate":2,"minecraft:paper":3,"minecraft:diamond_pickaxe":2,"minecraft:shield":2,"minecraft:stick":612,"minecraft:iron_ingot":499,"minecraft:stone_sword":1,"minecraft:redstone_torch":7,"iceandfire:armor_bronze_helmet":1,"minecraft:oak_door":6,"storagedrawers:dark_oak_full_drawers_4":28,"minecraft:furnace":13,"minecraft:blast_furnace":1,"minecraft:piston":27,"minecraft:oak_trapdoor":4,"storagedrawers:controller":1,"minecraft:leather":79,"minecraft:iron_axe":5,"iceandfire:armor_bronze_chestplate":1,"cgm:workbench":1,"sophisticatedbackpacks:iron_backpack":2,"storagedrawers:oak_trim":4,"minecraft:cooked_beef":38,"minecraft:sugar":1,"paraglider:paraglider":1,"iceandfire:armor_bronze_boots":1,"minecraft:iron_sword":1,"minecraft:cooked_salmon":11,"minecraft:bucket":1,"minecraft:stone_axe":1,"minecraft:bread":64,"minecraft:air":0,"storagedrawers:compacting_drawers_3":12,"minecraft:oak_boat":6,"minecraft:stonecutter":1,"minecraft:torch":100,"minecraft:diamond_chestplate":1},"minecraft:used":{"minecraft:poppy":1,"iceandfire:dragon_skull_ice":3,"minecraft:chest":32,"minecraft:lava_bucket":1,"minecraft:dark_oak_slab":5,"minecraft:dark_oak_boat":2,"iceandfire:chared_stone":2,"minecraft:furnace":11,"minecraft:oak_sapling":1,"minecraft:cooked_cod":32,"minecraft:egg":4,"minecraft:diorite":15,"minecraft:wooden_pickaxe":78,"minecraft:golden_apple":27,"minecraft:blast_furnace":2,"tombstone:dust_of_vanishing":1,"minecraft:chiseled_quartz_block":2,"minecraft:lectern":6,"infernalexp:shroomlight_fungus":1,"cgm:assault_rifle":2066,"minecraft:nether_wart_block":250,"minecraft:birch_log":56,"minecraft:oak_boat":10,"storagedrawers:dark_oak_full_drawers_1":17,"minecraft:oak_trapdoor":4,"minecraft:enchanting_table":1,"minecraft:stone_sword":39,"iceandfire:silver_sword":261,"minecraft:cooked_salmon":11,"travelersbackpack:bat":2,"minecraft:netherrack":121,"minecraft:torch":166,"minecraft:brewing_stand":2,"minecraft:anvil":1,"minecraft:shroomlight":4,"minecraft:iron_axe":83,"storagedrawers:controller":3,"minecraft:bamboo":1,"enchantmentmachine:enchantment_block":2,"tombstone:gift":9,"sophisticatedbackpacks:gold_backpack":1,"minecraft:crimson_stem":8,"tac:workbench":1,"minecraft:water_bucket":64,"storagedrawers:compacting_drawers_3":12,"minecraft:birch_planks":58,"minecraft:fletching_table":2,"minecraft:diamond_block":1,"minecraft:crafting_table":30,"minecraft:red_bed":8,"minecraft:white_bed":2,"minecraft:oak_log":208,"minecraft:diamond_pickaxe":3667,"iceandfire:dragonbone_sword_fire":1163,"minecraft:iron_pickaxe":501,"tombstone:magic_scroll":15,"minecraft:cobblestone":728,"minecraft:potion":1,"travelersbackpack:standard":5,"minecraft:cooked_porkchop":18,"minecraft:iron_shovel":8,"minecraft:shield":12,"minecraft:iron_sword":38,"paraglider:goddess_statue":2,"minecraft:mutton":3,"storagedrawers:birch_full_drawers_1":24,"enchantmentmachine:enchanter_block":1,"minecraft:obsidian":10,"minecraft:glass":1,"minecraft:crimson_roots":1,"carryon:tile_item":9,"minecraft:stone_pickaxe":203,"minecraft:oak_planks":52,"minecraft:ender_pearl":5,"minecraft:diamond_axe":171,"minecraft:sugar_cane":40,"minecraft:white_wool":14,"minecraft:redstone_torch":2,"minecraft:black_terracotta":6,"waystones:waystone":25,"minecraft:lever":2,"easy_villagers:villager":13,"iceandfire:dragonbone_sword":260,"minecraft:dark_oak_log":503,"minecraft:light_gray_concrete":1,"minecraft:bread":71,"enchantmentmachine:disenchanter_block":1,"tombstone:grave_key":13,"storagedrawers:oak_full_drawers_1":38,"minecraft:flint_and_steel":12,"minecraft:stone_shovel":35,"minecraft:spruce_planks":8,"minecraft:cooked_chicken":7,"minecraft:oak_door":4,"storagedrawers:dark_oak_full_drawers_4":18,"minecraft:dirt":23,"cgm:workbench":1,"minecraft:hopper":11,"minecraft:spruce_stairs":1,"minecraft:dark_oak_planks":1,"minecraft:wooden_axe":15,"minecraft:bookshelf":30,"minecraft:golden_carrot":1,"minecraft:cooked_beef":51,"minecraft:enchanted_golden_apple":4,"minecraft:cooked_mutton":58,"tombstone:scroll_of_knowledge":6,"minecraft:cobblestone_stairs":73,"minecraft:glass_bottle":9,"minecraft:baked_potato":5,"minecraft:andesite_slab":2,"minecraft:brown_mushroom":1,"minecraft:stonecutter":2,"minecraft:cobblestone_slab":37,"corail_recycler:recycler":1,"minecraft:light_gray_concrete_powder":16,"minecraft:dark_oak_door":3,"tombstone:bag_of_seeds":3,"minecraft:apple":9,"minecraft:stone_axe":10,"minecraft:bucket":66,"minecraft:splash_potion":4},"minecraft:killed_by":{"piratesandlootersreborn:armatnik":1,"minecraft:wither_skeleton":1,"iceandfire:sea_serpent":2,"minecraft:blaze":1,"piratesandlootersreborn:capitan":2,"minecraft:skeleton":4},"minecraft:killed":{"minecraft:cave_spider":5,"iceandfire:hippogryph":1,"minecraft:skeleton":95,"minecraft:chicken":4,"piratesandlootersreborn:capitan":9,"farlanders:enderminion":1,"minecraft:magma_cube":2,"piratesandlootersreborn:th":19,"dungeons_mobs:wraith":1,"minecraft:zombie":75,"infernalexp:shroomloin":3,"iceandfire:sea_serpent":6,"minecraft:cow":25,"mowziesmobs:naga":1,"iceandfire:siren":1,"farlanders:classic_enderman":1,"piratesandlootersreborn:capitan_albrecht":1,"minecraft:wandering_trader":1,"iceandfire:ghost":1,"iceandfire:ice_dragon":2,"minecraft:witch":1,"minecraft:zombified_piglin":1,"minecraft:spider":13,"dungeons_mobs:fungus_thrower":6,"piratesandlootersreborn:hgt":1,"minecraft:silverfish":26,"artifacts:mimic":1,"minecraft:piglin":6,"minecraft:pig":13,"minecraft:creeper":20,"minecraft:sheep":36,"minecraft:stray":15,"minecraft:blaze":117,"iceandfire:fire_dragon":3,"farlanders:mystic_enderminion":2,"minecraft:drowned":6,"farlanders:looter":1,"minecraft:bat":4,"minecraft:hoglin":2,"minecraft:wither_skeleton":246},"minecraft:mined":{"minecraft:dark_oak_planks":1,"minecraft:white_bed":1,"create:dolomite":1,"minecraft:black_terracotta":17,"minecraft:red_nether_bricks":5,"minecraft:obsidian":15,"minecraft:granite":48,"minecraft:coal_block":1,"minecraft:hopper":3,"minecraft:nether_wart":10,"minecraft:oxeye_daisy":2,"minecraft:spawner":86,"minecraft:mossy_cobblestone_stairs":1,"minecraft:fire":18,"minecraft:fletching_table":2,"minecraft:nether_brick_stairs":2,"iceandfire:gold_pile":2,"minecraft:light_gray_concrete":9,"minecraft:iron_block":6,"minecraft:tripwire":2,"minecraft:brown_mushroom":2,"minecraft:red_bed":10,"minecraft:kelp_plant":1,"minecraft:crimson_nylium":17,"minecraft:smoker":1,"storagedrawers:controller":2,"infernalexp:planted_quartz":1,"minecraft:torch":10,"minecraft:blast_furnace":1,"iceandfire:sapphire_ore":1,"minecraft:sugar_cane":35,"storagedrawers:oak_full_drawers_1":20,"minecraft:stone_brick_stairs":10,"minecraft:grass":81,"minecraft:sandstone_wall":1,"minecraft:stonecutter":1,"minecraft:piston":2,"farlanders:endumium_ore":4,"minecraft:mossy_cobblestone":5,"minecraft:dark_oak_log":506,"minecraft:nether_bricks":30,"minecraft:spruce_fence":3,"minecraft:crimson_roots":4,"minecraft:potted_bamboo":1,"minecraft:kelp":2,"minecraft:redstone_ore":14,"minecraft:andesite":83,"minecraft:diamond_block":2,"minecraft:mossy_stone_brick_stairs":4,"minecraft:cobblestone_slab":13,"minecraft:vine":2,"minecraft:redstone_block":1,"minecraft:soul_sand":18,"minecraft:emerald_ore":33,"minecraft:tall_grass":6,"minecraft:diorite":215,"minecraft:trapped_chest":1,"minecraft:birch_leaves":1,"minecraft:gravel":45,"minecraft:cobweb":19,"minecraft:stone_bricks":10,"minecraft:gold_ore":9,"minecraft:spruce_planks":24,"minecraft:cobblestone_stairs":5,"sophisticatedbackpacks:gold_backpack":1,"minecraft:grass_block":53,"minecraft:iron_ore":256,"create:copper_ore":1,"minecraft:anvil":1,"minecraft:azure_bluet":1,"minecraft:dark_oak_stairs":1,"minecraft:iron_bars":18,"iceandfire:chared_cobblestone":11,"minecraft:quartz_block":1,"minecraft:chiseled_quartz_block":2,"iceandfire:dragon_ice_spikes":7,"minecraft:poppy":1,"iceandfire:ghost_chest":2,"minecraft:chest":10,"minecraft:nether_quartz_ore":21,"minecraft:cobblestone":52,"minecraft:oak_planks":10,"minecraft:wall_torch":23,"minecraft:seagrass":3,"minecraft:dark_oak_slab":3,"infernalexp:shroomlight_fungus":1,"minecraft:nether_wart_block":234,"minecraft:birch_log":56,"minecraft:oak_log":217,"minecraft:sand":41,"minecraft:dirt":61,"minecraft:tripwire_hook":1,"minecraft:dispenser":1,"minecraft:netherrack":264,"minecraft:oak_leaves":9,"iceandfire:chared_stone":11,"minecraft:nether_gold_ore":8,"minecraft:diamond_ore":33,"minecraft:oak_door":2,"iceandfire:frozen_cobblestone":9,"minecraft:lever":1,"iceandfire:frozen_stone":10,"minecraft:weeping_vines":1,"minecraft:sandstone":3,"minecraft:crimson_stem":8,"minecraft:large_fern":1,"minecraft:hay_block":30,"minecraft:oak_trapdoor":1,"minecraft:furnace":7,"minecraft:black_concrete":2,"minecraft:gold_block":31,"minecraft:nether_brick_fence":3,"minecraft:bookshelf":86,"minecraft:shroomlight":4,"storagedrawers:birch_full_drawers_1":18,"minecraft:stone":2669,"storagedrawers:dark_oak_full_drawers_1":7,"minecraft:oak_fence":1,"minecraft:crafting_table":15,"oresabovediamonds:amethyst_ore":1,"minecraft:lectern":7,"minecraft:lapis_ore":20,"minecraft:spruce_stairs":12,"minecraft:birch_planks":4,"minecraft:redstone_torch":1,"minecraft:coal_ore":204,"minecraft:cracked_stone_bricks":7,"minecraft:stripped_acacia_wood":1,"piratesandlootersreborn:palm_desk":3,"minecraft:mossy_stone_bricks":8,"piratesandlootersreborn:palm_desk_slab":1,"paraglider:goddess_statue":2},"minecraft:broken":{"minecraft:golden_boots":1,"minecraft:diamond_helmet":1,"minecraft:iron_boots":1,"minecraft:iron_chestplate":2,"minecraft:iron_leggings":2,"minecraft:iron_axe":3,"minecraft:iron_pickaxe":2,"minecraft:iron_helmet":2,"minecraft:stone_pickaxe":1,"minecraft:wooden_axe":1},"minecraft:dropped":{"iceandfire:chared_stone":6,"sophisticatedbackpacks:iron_backpack":1,"minecraft:lapis_lazuli":66,"minecraft:cracked_stone_bricks":5,"minecraft:leather_helmet":7,"sophisticatedbackpacks:gold_backpack":2,"minecraft:emerald":1,"minecraft:dirt":24,"minecraft:red_bed":7,"minecraft:gold_nugget":8,"minecraft:white_wool":6,"minecraft:bone":29,"minecraft:lever":1,"minecraft:iron_nugget":64,"minecraft:cooked_chicken":3,"infernalexp:shroomlight_fungus":1,"minecraft:rotten_flesh":31,"cgm:assault_rifle":1,"iceandfire:sapphire_gem":1,"minecraft:quartz_block":1,"minecraft:leather_boots":1,"minecraft:leather_leggings":2,"minecraft:painting":1,"minecraft:red_nether_bricks":1,"iceandfire:sea_serpent_scales_blue":6,"minecraft:stone_brick_stairs":7,"minecraft:golden_boots":1,"minecraft:wheat_seeds":4,"minecraft:book":6,"minecraft:feather":11,"minecraft:iron_helmet":2,"minecraft:cobblestone":334,"minecraft:granite":22,"storagedrawers:birch_full_drawers_1":20,"minecraft:coal":2,"minecraft:gray_wool":2,"minecraft:potion":1,"minecraft:mossy_cobblestone_stairs":2,"minecraft:string":7,"minecraft:lily_pad":2,"iceandfire:dragon_skull_fire":1,"iceandfire:frozen_cobblestone":4,"iceandfire:silver_nugget":24,"minecraft:stone_sword":1,"minecraft:cocoa_beans":2,"minecraft:flower_pot":1,"minecraft:spruce_planks":10,"minecraft:stone_bricks":13,"minecraft:spider_eye":1,"minecraft:light_gray_dye":1,"minecraft:sandstone":3,"minecraft:bow":2,"minecraft:black_wool":1,"tac:scar_h":1,"minecraft:dark_oak_stairs":2,"minecraft:oak_log":3,"minecraft:leather":2,"travelersbackpack:standard":1,"minecraft:cobblestone_stairs":4,"tombstone:bag_of_seeds":2,"minecraft:black_concrete":2,"paraglider:paraglider":1,"minecraft:gold_ingot":85,"minecraft:gravel":14,"piratesandlootersreborn:illager_silver_bar":3,"minecraft:chainmail_chestplate":1,"minecraft:sandstone_wall":1,"minecraft:leather_chestplate":1,"minecraft:gunpowder":31,"minecraft:melon_seeds":7,"minecraft:iron_ore":10,"minecraft:iron_bars":17,"minecraft:arrow":21,"minecraft:netherrack":9,"minecraft:bread":10,"minecraft:golden_helmet":1,"storagedrawers:dark_oak_full_drawers_4":4,"minecraft:mossy_cobblestone":6,"minecraft:poisonous_potato":10,"minecraft:spruce_stairs":12,"minecraft:grass_block":2,"minecraft:stick":11,"storagedrawers:oak_full_drawers_1":12,"minecraft:diorite":28,"minecraft:torch":5,"iceandfire:silver_sword":1,"minecraft:nether_wart_block":1,"tombstone:grave_dust":1,"minecraft:iron_leggings":1,"minecraft:iron_axe":4,"minecraft:redstone":6,"minecraft:blaze_rod":1,"minecraft:light_gray_wool":2,"minecraft:stripped_acacia_wood":1,"minecraft:flint_and_steel":1,"minecraft:filled_map":1,"minecraft:shield":1,"iceandfire:chared_cobblestone":19,"minecraft:iron_chestplate":2,"minecraft:andesite":5,"minecraft:mossy_stone_bricks":5,"minecraft:oak_sapling":4,"minecraft:wooden_pickaxe":1}},"DataVersion":2586}