{"stats":{"minecraft:broken":{"minecraft:stone_pickaxe":1,"minecraft:wooden_axe":1},"minecraft:picked_up":{"cgm:basic_bullet":480,"minecraft:crafting_table":13,"minecraft:iron_chestplate":1,"minecraft:wheat":2,"minecraft:azure_bluet":1,"create:dolomite_cobblestone":1,"minecraft:chicken":10,"minecraft:anvil":1,"minecraft:gold_block":12,"iceandfire:manuscript":7,"paraglider:goddess_statue":2,"minecraft:string":28,"minecraft:flint_and_steel":1,"minecraft:iron_leggings":1,"minecraft:beef":40,"oresabovediamonds:amethyst":1,"minecraft:oak_boat":2,"minecraft:player_head":1,"minecraft:light_gray_wool":2,"minecraft:sugar_cane":14,"minecraft:furnace":6,"minecraft:egg":4,"minecraft:sandstone":3,"minecraft:stick":7,"iceandfire:ghost_chest":1,"minecraft:oak_door":2,"minecraft:torch":12,"minecraft:porkchop":6,"minecraft:diorite":33,"minecraft:redstone":3,"minecraft:stone_sword":1,"minecraft:arrow":7,"minecraft:stone_shovel":1,"minecraft:rotten_flesh":19,"cgm:assault_rifle":3,"minecraft:hay_block":24,"minecraft:saddle":1,"minecraft:obsidian":15,"minecraft:mutton":32,"minecraft:white_wool":10,"minecraft:cobblestone":508,"minecraft:oxeye_daisy":2,"minecraft:enchanting_table":1,"minecraft:feather":11,"minecraft:cooked_beef":3,"minecraft:leather":23,"paraglider:spirit_orb":40,"minecraft:flint":1,"minecraft:oak_log":58,"minecraft:gunpowder":20,"minecraft:lapis_lazuli":52,"minecraft:dirt":36,"minecraft:name_tag":1,"minecraft:cooked_mutton":6,"minecraft:bone":19,"create:copper_ore":1,"minecraft:apple":3,"minecraft:wheat_seeds":3,"minecraft:iron_ingot":23,"minecraft:cobweb":6,"minecraft:cooked_chicken":3,"minecraft:iron_ore":98,"farlanders:endumium_crystal":3,"minecraft:fletching_table":1,"minecraft:oak_planks":3,"minecraft:book":24,"minecraft:cooked_porkchop":6,"minecraft:gravel":7,"minecraft:sand":41,"minecraft:blast_furnace":1,"minecraft:trapped_chest":1,"minecraft:spider_eye":2,"mowziesmobs:naga_fang":1,"minecraft:light_gray_concrete":9,"minecraft:diamond":15,"iceandfire:silver_sword":1,"waystones:waystone":6,"minecraft:iron_helmet":1,"minecraft:granite":10,"minecraft:painting":1,"minecraft:bread":1,"minecraft:emerald":14,"minecraft:oak_sapling":5,"minecraft:netherrack":1,"minecraft:coal":57,"minecraft:crimson_roots":1},"minecraft:used":{"minecraft:stone_sword":39,"minecraft:enchanting_table":1,"iceandfire:silver_sword":159,"minecraft:iron_shovel":8,"minecraft:flint_and_steel":12,"minecraft:stone_shovel":35,"minecraft:chest":4,"minecraft:shield":12,"minecraft:iron_sword":38,"minecraft:cooked_salmon":3,"travelersbackpack:bat":2,"minecraft:cooked_chicken":7,"minecraft:oak_door":4,"minecraft:torch":54,"paraglider:goddess_statue":2,"minecraft:mutton":3,"minecraft:dirt":10,"minecraft:anvil":1,"cgm:workbench":1,"minecraft:obsidian":10,"minecraft:wooden_axe":15,"minecraft:lava_bucket":1,"minecraft:iron_axe":6,"minecraft:crimson_roots":1,"minecraft:golden_carrot":1,"minecraft:oak_sapling":1,"minecraft:furnace":8,"tombstone:gift":5,"minecraft:egg":4,"minecraft:cooked_beef":3,"minecraft:enchanted_golden_apple":2,"minecraft:cooked_mutton":9,"minecraft:water_bucket":9,"tombstone:scroll_of_knowledge":6,"minecraft:stone_pickaxe":203,"minecraft:oak_planks":5,"minecraft:wooden_pickaxe":59,"minecraft:fletching_table":1,"minecraft:golden_apple":4,"minecraft:crafting_table":19,"minecraft:blast_furnace":2,"minecraft:white_bed":1,"minecraft:light_gray_concrete_powder":16,"minecraft:oak_log":56,"waystones:waystone":3,"easy_villagers:villager":3,"minecraft:diamond_pickaxe":444,"minecraft:apple":3,"minecraft:light_gray_concrete":1,"minecraft:bread":29,"minecraft:iron_pickaxe":103,"tombstone:grave_key":1,"cgm:assault_rifle":98,"minecraft:stone_axe":10,"travelersbackpack:standard":3,"minecraft:cobblestone":336,"minecraft:cooked_porkchop":6,"minecraft:bucket":11,"minecraft:oak_boat":6},"minecraft:crafted":{"minecraft:light_gray_concrete_powder":16,"minecraft:oak_door":6,"minecraft:smooth_stone":3,"minecraft:oak_planks":292,"minecraft:stone_shovel":1,"minecraft:iron_nugget":99,"minecraft:cooked_chicken":7,"minecraft:furnace":5,"minecraft:blast_furnace":1,"minecraft:stone":3,"minecraft:cooked_mutton":6,"minecraft:iron_boots":1,"minecraft:iron_axe":1,"minecraft:stone_pickaxe":2,"minecraft:chest":8,"cgm:workbench":1,"storagedrawers:oak_trim":4,"minecraft:wheat":210,"paraglider:paraglider":1,"minecraft:cooked_porkchop":6,"minecraft:crafting_table":7,"minecraft:enchanting_table":1,"minecraft:wooden_pickaxe":1,"minecraft:iron_helmet":1,"minecraft:iron_sword":1,"minecraft:cooked_salmon":11,"minecraft:bucket":1,"minecraft:stone_axe":1,"minecraft:bread":64,"minecraft:air":0,"minecraft:oak_boat":4,"minecraft:iron_chestplate":1,"minecraft:book":1,"minecraft:paper":3,"minecraft:diamond_pickaxe":1,"minecraft:shield":2,"minecraft:stick":160,"minecraft:iron_ingot":138,"minecraft:iron_pickaxe":2,"minecraft:wooden_axe":1,"minecraft:stone_sword":1,"minecraft:iron_shovel":1,"minecraft:iron_leggings":1,"minecraft:light_gray_dye":3,"minecraft:white_bed":1,"minecraft:torch":72},"minecraft:killed":{"minecraft:cave_spider":1,"minecraft:spider":4,"minecraft:skeleton":10,"minecraft:chicken":4,"minecraft:pig":4,"minecraft:creeper":3,"minecraft:sheep":11,"minecraft:zombie":20,"minecraft:cow":12,"mowziesmobs:naga":1},"minecraft:custom":{"minecraft:mob_kills":74,"minecraft:interact_with_crafting_table":47,"minecraft:open_barrel":14,"goblintraders:trade_with_goblin":60,"minecraft:leave_game":6,"minecraft:time_since_death":53539,"minecraft:climb_one_cm":3544,"minecraft:damage_resisted":103,"minecraft:sprint_one_cm":629338,"minecraft:walk_one_cm":622531,"minecraft:damage_blocked_by_shield":585,"minecraft:drop":53,"minecraft:damage_dealt_absorbed":40,"minecraft:talked_to_villager":4,"minecraft:sneak_time":9332,"minecraft:deaths":4,"minecraft:walk_under_water_one_cm":44688,"minecraft:boat_one_cm":211142,"minecraft:jump":4075,"minecraft:walk_on_water_one_cm":96606,"minecraft:interact_with_furnace":46,"minecraft:play_one_minute":461002,"minecraft:sleep_in_bed":2,"minecraft:time_since_rest":34505,"minecraft:waystone_activated":5,"minecraft:damage_taken":5091,"minecraft:damage_absorbed":302,"minecraft:trigger_trapped_chest":1,"minecraft:damage_dealt":9048,"tombstone:cast_on_ally":0,"minecraft:swim_one_cm":124143,"minecraft:fly_one_cm":610137,"minecraft:open_chest":63,"minecraft:crouch_one_cm":18253,"tombstone:undead_killed":30,"minecraft:fall_one_cm":78046},"minecraft:killed_by":{"iceandfire:sea_serpent":1,"piratesandlootersreborn:capitan":1,"minecraft:skeleton":1},"minecraft:dropped":{"minecraft:bread":10,"minecraft:wheat_seeds":1,"minecraft:golden_helmet":1,"minecraft:oak_log":1,"minecraft:feather":11,"minecraft:iron_helmet":1,"minecraft:cobblestone":3,"minecraft:granite":10,"travelersbackpack:standard":1,"minecraft:dirt":7,"minecraft:diorite":11,"minecraft:iron_leggings":1,"paraglider:paraglider":1,"minecraft:white_wool":1,"minecraft:gravel":2,"minecraft:iron_nugget":39,"minecraft:cooked_chicken":3,"minecraft:stone_sword":1,"minecraft:rotten_flesh":16,"minecraft:light_gray_wool":2,"cgm:assault_rifle":1,"minecraft:flint_and_steel":1,"minecraft:gunpowder":30,"minecraft:iron_chestplate":1,"minecraft:oak_sapling":4,"minecraft:spider_eye":1,"minecraft:light_gray_dye":1,"minecraft:sandstone":3,"minecraft:iron_ore":10,"minecraft:arrow":5,"minecraft:wooden_pickaxe":1,"minecraft:netherrack":1},"minecraft:mined":{"farlanders:endumium_ore":3,"minecraft:diamond_ore":15,"create:dolomite":1,"minecraft:oak_door":2,"minecraft:obsidian":15,"minecraft:granite":10,"minecraft:grass_block":19,"minecraft:crimson_roots":1,"minecraft:oxeye_daisy":2,"minecraft:sandstone":3,"minecraft:spawner":19,"minecraft:hay_block":24,"minecraft:furnace":6,"minecraft:iron_ore":77,"minecraft:fire":4,"minecraft:andesite":7,"create:copper_ore":1,"minecraft:fletching_table":1,"minecraft:anvil":1,"minecraft:azure_bluet":1,"minecraft:gold_block":12,"minecraft:bookshelf":8,"minecraft:vine":2,"minecraft:light_gray_concrete":9,"minecraft:stone":489,"minecraft:crafting_table":13,"minecraft:torch":3,"minecraft:blast_furnace":1,"minecraft:emerald_ore":14,"iceandfire:ghost_chest":1,"oresabovediamonds:amethyst_ore":1,"minecraft:tall_grass":2,"minecraft:cobblestone":23,"minecraft:lapis_ore":8,"minecraft:sugar_cane":12,"minecraft:diorite":33,"minecraft:wall_torch":1,"minecraft:birch_leaves":1,"minecraft:grass":45,"minecraft:oak_log":63,"minecraft:coal_ore":42,"minecraft:sand":41,"minecraft:gravel":12,"minecraft:dirt":18,"minecraft:cobweb":16,"minecraft:netherrack":1,"minecraft:oak_leaves":7,"paraglider:goddess_statue":2}},"DataVersion":2586}