{"stats":{"minecraft:picked_up":{"create:dolomite_cobblestone":1,"minecraft:iron_chestplate":4,"minecraft:wheat":2,"minecraft:anvil":1,"cgm:basic_bullet":2212,"minecraft:chainmail_boots":2,"minecraft:redstone_block":1,"iceandfire:copper_sword":1,"minecraft:nether_brick_fence":2,"minecraft:flower_pot":1,"minecraft:lead":2,"artifacts:umbrella":1,"minecraft:enchanted_book":1,"minecraft:potion":14,"minecraft:nether_brick":24,"minecraft:stone_brick_stairs":17,"minecraft:golden_sword":1,"iceandfire:manuscript":7,"paraglider:goddess_statue":2,"minecraft:string":61,"minecraft:red_nether_bricks":1,"minecraft:iron_leggings":3,"minecraft:shroomlight":2,"minecraft:gold_nugget":66,"minecraft:spruce_planks":27,"minecraft:cobblestone_slab":13,"minecraft:iron_pickaxe":2,"minecraft:coal_block":2,"minecraft:iron_boots":6,"minecraft:furnace":13,"minecraft:tipped_arrow":4,"minecraft:stick":123,"iceandfire:ghost_chest":3,"minecraft:oak_fence":1,"minecraft:torch":49,"minecraft:spruce_stairs":15,"minecraft:sandstone_wall":1,"minecraft:porkchop":6,"tombstone:grave_dust":34,"minecraft:diorite":198,"infernalexp:raw_hogchop":1,"minecraft:golden_chestplate":1,"easy_villagers:villager":3,"minecraft:quartz_block":1,"minecraft:stone_sword":1,"minecraft:rotten_flesh":130,"iceandfire:fire_dragon_heart":2,"minecraft:iron_block":6,"tac:qbz_95":1,"minecraft:blaze_rod":33,"minecraft:obsidian":23,"minecraft:iron_bars":17,"minecraft:cod":1,"minecraft:cobblestone":2463,"paraglider:paraglider":1,"minecraft:birch_log":56,"minecraft:enchanting_table":1,"minecraft:smoker":1,"minecraft:leather_chestplate":1,"minecraft:feather":11,"minecraft:cooked_beef":5,"minecraft:water_bucket":1,"minecraft:andesite":74,"minecraft:potato":1,"minecraft:golden_leggings":3,"minecraft:chiseled_quartz_block":2,"paraglider:spirit_orb":160,"minecraft:flint":10,"piratesandlootersreborn:palm_desk":3,"iceandfire:dragonscales_bronze":41,"tombstone:familiar_receptacle":1,"minecraft:lapis_lazuli":245,"minecraft:dirt":110,"minecraft:lantern":1,"minecraft:name_tag":1,"minecraft:leather_boots":3,"minecraft:bone":213,"create:copper_ore":1,"minecraft:stonecutter":1,"minecraft:bow":2,"minecraft:wheat_seeds":6,"minecraft:mossy_stone_bricks":5,"minecraft:fletching_table":2,"minecraft:bamboo":1,"minecraft:oak_planks":40,"minecraft:mossy_stone_brick_stairs":3,"minecraft:black_terracotta":11,"minecraft:cooked_porkchop":43,"minecraft:stripped_acacia_wood":2,"minecraft:poisonous_potato":10,"iceandfire:dragon_skull_fire":2,"minecraft:sand":74,"minecraft:grass_block":2,"sophisticatedbackpacks:iron_backpack":1,"minecraft:dark_oak_log":483,"minecraft:diamond_block":2,"minecraft:spectral_arrow":46,"minecraft:trapped_chest":2,"minecraft:mossy_cobblestone":6,"tombstone:scroll_of_mercy":1,"minecraft:light_gray_concrete":9,"minecraft:dispenser":1,"tac:scar_h":2,"minecraft:diamond":33,"minecraft:black_concrete":4,"minecraft:lever":2,"waystones:waystone":28,"minecraft:granite":44,"minecraft:golden_apple":1,"minecraft:bread":34,"piratesandlootersreborn:palm_desk_slab":1,"minecraft:chainmail_helmet":1,"minecraft:emerald":29,"minecraft:oak_sapling":72,"minecraft:netherrack":263,"minecraft:crimson_roots":4,"minecraft:diamond_pickaxe":2,"iceandfire:copper_ingot":1,"sophisticatedbackpacks:gold_backpack":3,"minecraft:cocoa_beans":3,"minecraft:crafting_table":15,"minecraft:splash_potion":2,"minecraft:azure_bluet":1,"minecraft:chicken":10,"iceandfire:witherbone":38,"minecraft:ladder":4,"minecraft:nether_wart":20,"minecraft:leather_leggings":3,"minecraft:brown_mushroom":2,"piratesandlootersreborn:illager_silver_bar":3,"minecraft:gold_block":30,"minecraft:shield":2,"iceandfire:sea_serpent_scales_blue":12,"minecraft:oak_trapdoor":1,"minecraft:red_bed":17,"minecraft:flint_and_steel":5,"tac:bullet_308":300,"minecraft:iron_shovel":1,"minecraft:blackstone":85,"minecraft:cracked_stone_bricks":6,"minecraft:beef":78,"oresabovediamonds:amethyst":1,"minecraft:oak_boat":6,"minecraft:player_head":1,"minecraft:iron_nugget":118,"minecraft:poppy":1,"minecraft:light_gray_wool":2,"minecraft:lectern":6,"minecraft:sugar_cane":63,"minecraft:chest":10,"minecraft:birch_sapling":16,"minecraft:piston":2,"iceandfire:ice_dragon_heart":1,"minecraft:egg":5,"minecraft:dark_oak_sapling":40,"minecraft:sandstone":3,"iceandfire:dragonbone":28,"enchantmentmachine:enchantment_block":1,"minecraft:oak_door":2,"minecraft:spruce_fence":3,"minecraft:fire_charge":10,"minecraft:carrot":5,"minecraft:redstone":77,"iceandfire:dragon_skull_ice":3,"iceandfire:silver_ingot":3,"minecraft:arrow":104,"iceandfire:sea_serpent_scales_purple":8,"minecraft:weeping_vines":5,"minecraft:stone_shovel":2,"minecraft:nether_bricks":24,"cgm:assault_rifle":3,"minecraft:hay_block":30,"storagedrawers:controller":2,"minecraft:saddle":2,"minecraft:gold_ingot":18,"minecraft:totem_of_undying":1,"minecraft:mutton":39,"storagedrawers:birch_full_drawers_1":17,"minecraft:oxeye_daisy":2,"minecraft:white_wool":17,"iceandfire:sea_serpent_fang":23,"minecraft:crimson_stem":8,"minecraft:tripwire_hook":2,"tac:58x42":350,"minecraft:leather":81,"minecraft:birch_planks":2,"minecraft:oak_log":246,"minecraft:chainmail_chestplate":6,"iceandfire:ectoplasm":3,"minecraft:golden_boots":1,"minecraft:nether_wart_block":143,"minecraft:gunpowder":55,"minecraft:cobblestone_stairs":5,"tombstone:voodoo_poppet":1,"iceandfire:dragonscales_blue":8,"tombstone:gift":2,"piratesandlootersreborn:pirate_spader":4,"minecraft:cooked_mutton":39,"minecraft:apple":29,"minecraft:stone_bricks":13,"minecraft:kelp":7,"minecraft:iron_ingot":40,"minecraft:cobweb":11,"minecraft:cooked_chicken":3,"minecraft:iron_ore":239,"tombstone:bag_of_seeds":4,"farlanders:endumium_crystal":3,"storagedrawers:oak_full_drawers_1":8,"iceandfire:sea_serpent_scales_deepblue":13,"minecraft:iron_sword":2,"minecraft:soul_sand":38,"minecraft:dark_oak_stairs":3,"minecraft:book":239,"minecraft:tropical_fish_bucket":1,"minecraft:dark_oak_slab":3,"iceandfire:ash":1,"minecraft:quartz":30,"minecraft:gravel":96,"minecraft:blast_furnace":1,"minecraft:white_bed":1,"minecraft:gold_ore":9,"minecraft:crying_obsidian":15,"minecraft:spider_eye":2,"minecraft:leather_helmet":1,"mowziesmobs:naga_fang":1,"infernalexp:shroomlight_fungus":3,"minecraft:diamond_shovel":1,"iceandfire:silver_sword":1,"minecraft:iron_helmet":3,"minecraft:painting":1,"minecraft:gray_wool":2,"minecraft:mossy_cobblestone_stairs":2,"iceandfire:ice_dragon_flesh":8,"tombstone:magic_scroll":6,"minecraft:melon_seeds":7,"minecraft:black_wool":2,"minecraft:coal":281,"minecraft:hopper":1,"minecraft:ender_pearl":13},"minecraft:custom":{"minecraft:interact_with_crafting_table":132,"minecraft:open_barrel":41,"goblintraders:trade_with_goblin":164,"minecraft:leave_game":18,"minecraft:time_since_death":226001,"minecraft:damage_resisted":323,"minecraft:sprint_one_cm":1813111,"minecraft:damage_blocked_by_shield":585,"minecraft:drop":172,"minecraft:talked_to_villager":21,"minecraft:deaths":11,"minecraft:jump":9497,"minecraft:interact_with_brewingstand":12,"minecraft:enchant_item":13,"minecraft:walk_on_water_one_cm":263208,"minecraft:interact_with_furnace":100,"minecraft:traded_with_villager":3,"minecraft:play_one_minute":1269798,"minecraft:sleep_in_bed":7,"minecraft:waystone_activated":26,"minecraft:damage_dealt":82759,"minecraft:crouch_one_cm":53542,"tombstone:undead_killed":419,"tombstone:villager_killed":1,"minecraft:inspect_dispenser":1,"minecraft:interact_with_anvil":3,"minecraft:mob_kills":825,"minecraft:inspect_hopper":12,"tombstone:use_vanishing":1,"minecraft:damage_dealt_resisted":161,"minecraft:climb_one_cm":31166,"minecraft:walk_one_cm":1912301,"minecraft:damage_dealt_absorbed":140,"minecraft:sneak_time":26745,"minecraft:walk_under_water_one_cm":121206,"minecraft:boat_one_cm":510467,"tombstone:raider_killed":1,"minecraft:raid_trigger":1,"minecraft:interact_with_stonecutter":3,"minecraft:time_since_rest":24168,"minecraft:damage_taken":24996,"minecraft:damage_absorbed":1082,"minecraft:trigger_trapped_chest":6,"tombstone:cast_on_ally":0,"minecraft:swim_one_cm":280808,"minecraft:fly_one_cm":1285287,"minecraft:open_chest":447,"minecraft:fall_one_cm":181868},"minecraft:crafted":{"minecraft:light_gray_concrete_powder":16,"minecraft:smooth_stone":3,"minecraft:oak_planks":1336,"minecraft:cobblestone_slab":156,"minecraft:cooked_chicken":7,"minecraft:blaze_powder":32,"enchantmentmachine:enchantment_block":1,"minecraft:stone":82,"enchantmentmachine:disenchanter_block":1,"minecraft:cobblestone_stairs":24,"minecraft:bookshelf":30,"minecraft:cooked_mutton":20,"minecraft:glass":33,"minecraft:hopper":8,"tombstone:dust_of_vanishing":1,"minecraft:diamond_helmet":1,"minecraft:diamond_leggings":1,"minecraft:iron_boots":2,"tombstone:grave_key":3,"minecraft:comparator":2,"minecraft:chest":73,"corail_recycler:recycler":1,"minecraft:golden_boots":2,"minecraft:glass_bottle":30,"minecraft:emerald":16,"sophisticatedbackpacks:backpack":2,"minecraft:cooked_porkchop":12,"minecraft:diamond_axe":2,"minecraft:crafting_table":13,"minecraft:wooden_pickaxe":2,"minecraft:iron_helmet":2,"storagedrawers:oak_full_drawers_1":23,"minecraft:brewing_stand":2,"minecraft:birch_planks":224,"minecraft:iron_chestplate":2,"minecraft:book":1,"minecraft:paper":3,"minecraft:diamond_pickaxe":2,"minecraft:shield":2,"minecraft:stick":612,"minecraft:iron_ingot":409,"minecraft:iron_pickaxe":2,"minecraft:stone_sword":1,"minecraft:iron_block":1,"minecraft:gold_ingot":148,"minecraft:light_gray_dye":3,"minecraft:redstone_torch":7,"storagedrawers:upgrade_template":16,"tac:workbench":1,"minecraft:oak_door":6,"minecraft:stone_shovel":1,"minecraft:iron_nugget":342,"iceandfire:dragonbone_sword_fire":1,"minecraft:piston":6,"minecraft:furnace":13,"minecraft:blast_furnace":1,"minecraft:bone_meal":45,"storagedrawers:emerald_storage_upgrade":11,"minecraft:oak_trapdoor":4,"minecraft:diamond":18,"storagedrawers:controller":1,"minecraft:leather":79,"storagedrawers:birch_full_drawers_1":12,"minecraft:iron_axe":5,"minecraft:stone_pickaxe":2,"minecraft:diamond_boots":1,"minecraft:dark_oak_planks":12,"cgm:workbench":1,"sophisticatedbackpacks:iron_backpack":2,"minecraft:wheat":210,"storagedrawers:oak_trim":4,"minecraft:cooked_beef":38,"minecraft:sugar":1,"paraglider:paraglider":1,"enchantmentmachine:enchanter_block":1,"iceandfire:dragonbone_sword":1,"minecraft:enchanting_table":1,"minecraft:iron_sword":1,"minecraft:cooked_salmon":11,"sophisticatedbackpacks:gold_backpack":2,"minecraft:bucket":1,"minecraft:stone_axe":1,"minecraft:enchanted_book":1,"minecraft:air":0,"minecraft:bread":64,"storagedrawers:compacting_drawers_3":3,"minecraft:oak_boat":6,"minecraft:golden_apple":3,"minecraft:andesite_slab":6,"minecraft:fermented_spider_eye":1,"minecraft:wooden_axe":1,"minecraft:iron_shovel":1,"minecraft:iron_leggings":2,"minecraft:stonecutter":1,"minecraft:white_bed":1,"minecraft:torch":100,"minecraft:diamond_chestplate":1},"minecraft:used":{"minecraft:iron_shovel":8,"iceandfire:dragon_skull_ice":3,"minecraft:poppy":1,"minecraft:shield":12,"minecraft:chest":32,"minecraft:iron_sword":38,"paraglider:goddess_statue":2,"minecraft:mutton":3,"enchantmentmachine:enchanter_block":1,"storagedrawers:birch_full_drawers_1":21,"minecraft:obsidian":10,"minecraft:glass":1,"minecraft:lava_bucket":1,"minecraft:dark_oak_slab":5,"minecraft:crimson_roots":1,"carryon:tile_item":9,"minecraft:oak_sapling":1,"minecraft:cooked_cod":32,"minecraft:furnace":11,"minecraft:egg":4,"minecraft:oak_planks":52,"minecraft:stone_pickaxe":203,"minecraft:diorite":14,"minecraft:ender_pearl":5,"minecraft:wooden_pickaxe":78,"minecraft:sugar_cane":40,"minecraft:diamond_axe":171,"minecraft:golden_apple":24,"minecraft:blast_furnace":2,"tombstone:dust_of_vanishing":1,"minecraft:chiseled_quartz_block":2,"minecraft:black_terracotta":6,"waystones:waystone":24,"easy_villagers:villager":13,"iceandfire:dragonbone_sword":260,"minecraft:dark_oak_log":503,"minecraft:bread":71,"minecraft:light_gray_concrete":1,"minecraft:lectern":6,"enchantmentmachine:disenchanter_block":1,"tombstone:grave_key":12,"cgm:assault_rifle":2066,"infernalexp:shroomlight_fungus":1,"minecraft:nether_wart_block":250,"storagedrawers:oak_full_drawers_1":26,"minecraft:stone_sword":39,"minecraft:birch_log":56,"minecraft:oak_boat":10,"minecraft:oak_trapdoor":4,"iceandfire:silver_sword":261,"minecraft:enchanting_table":1,"minecraft:flint_and_steel":12,"minecraft:stone_shovel":35,"minecraft:spruce_planks":8,"minecraft:cooked_salmon":11,"travelersbackpack:bat":2,"minecraft:cooked_chicken":7,"minecraft:netherrack":121,"minecraft:oak_door":4,"minecraft:torch":153,"minecraft:brewing_stand":2,"minecraft:anvil":1,"minecraft:dirt":22,"cgm:workbench":1,"minecraft:hopper":11,"minecraft:spruce_stairs":1,"minecraft:shroomlight":4,"minecraft:wooden_axe":15,"minecraft:bookshelf":24,"minecraft:iron_axe":49,"storagedrawers:controller":3,"minecraft:bamboo":1,"minecraft:golden_carrot":1,"tombstone:gift":9,"enchantmentmachine:enchantment_block":2,"minecraft:cooked_beef":51,"minecraft:enchanted_golden_apple":4,"sophisticatedbackpacks:gold_backpack":1,"minecraft:crimson_stem":8,"minecraft:cooked_mutton":32,"tac:workbench":1,"minecraft:water_bucket":64,"tombstone:scroll_of_knowledge":6,"minecraft:cobblestone_stairs":73,"storagedrawers:compacting_drawers_3":3,"minecraft:birch_planks":57,"minecraft:glass_bottle":9,"minecraft:baked_potato":5,"minecraft:andesite_slab":2,"minecraft:brown_mushroom":1,"minecraft:fletching_table":2,"minecraft:stonecutter":2,"minecraft:cobblestone_slab":37,"minecraft:crafting_table":28,"minecraft:red_bed":8,"corail_recycler:recycler":1,"minecraft:white_bed":2,"minecraft:light_gray_concrete_powder":16,"tombstone:bag_of_seeds":3,"minecraft:oak_log":208,"minecraft:diamond_pickaxe":3370,"minecraft:apple":9,"iceandfire:dragonbone_sword_fire":1085,"minecraft:iron_pickaxe":501,"tombstone:magic_scroll":15,"minecraft:stone_axe":10,"minecraft:cobblestone":683,"minecraft:potion":1,"travelersbackpack:standard":5,"minecraft:cooked_porkchop":18,"minecraft:bucket":65,"minecraft:splash_potion":4},"minecraft:killed_by":{"minecraft:wither_skeleton":1,"iceandfire:sea_serpent":2,"piratesandlootersreborn:armatnik":1,"minecraft:blaze":1,"piratesandlootersreborn:capitan":2,"minecraft:skeleton":3},"minecraft:killed":{"iceandfire:hippogryph":1,"minecraft:cave_spider":5,"minecraft:zombified_piglin":1,"minecraft:witch":1,"minecraft:spider":13,"dungeons_mobs:fungus_thrower":6,"minecraft:skeleton":87,"piratesandlootersreborn:hgt":1,"minecraft:chicken":4,"minecraft:silverfish":26,"piratesandlootersreborn:capitan":9,"artifacts:mimic":1,"minecraft:magma_cube":2,"minecraft:piglin":6,"minecraft:pig":13,"piratesandlootersreborn:th":19,"minecraft:creeper":19,"minecraft:sheep":22,"minecraft:zombie":69,"minecraft:stray":15,"infernalexp:shroomloin":3,"iceandfire:sea_serpent":4,"minecraft:blaze":117,"minecraft:cow":18,"mowziesmobs:naga":1,"iceandfire:fire_dragon":2,"farlanders:mystic_enderminion":2,"minecraft:drowned":4,"farlanders:classic_enderman":1,"piratesandlootersreborn:capitan_albrecht":1,"farlanders:looter":1,"minecraft:bat":3,"minecraft:wandering_trader":1,"minecraft:hoglin":2,"iceandfire:ghost":1,"iceandfire:ice_dragon":1,"minecraft:wither_skeleton":241},"minecraft:mined":{"minecraft:spruce_planks":24,"minecraft:white_bed":1,"create:dolomite":1,"minecraft:black_terracotta":17,"minecraft:cobblestone_stairs":5,"sophisticatedbackpacks:gold_backpack":1,"minecraft:red_nether_bricks":5,"minecraft:obsidian":15,"minecraft:granite":48,"minecraft:grass_block":48,"minecraft:coal_block":1,"minecraft:hopper":3,"minecraft:oxeye_daisy":2,"minecraft:nether_wart":10,"minecraft:spawner":82,"minecraft:mossy_cobblestone_stairs":1,"minecraft:iron_ore":218,"minecraft:fire":18,"create:copper_ore":1,"minecraft:anvil":1,"minecraft:fletching_table":2,"minecraft:azure_bluet":1,"minecraft:nether_brick_stairs":2,"minecraft:dark_oak_stairs":1,"minecraft:iron_bars":18,"minecraft:light_gray_concrete":9,"minecraft:iron_block":6,"minecraft:tripwire":2,"minecraft:smoker":1,"minecraft:quartz_block":1,"minecraft:brown_mushroom":2,"minecraft:red_bed":10,"minecraft:kelp_plant":1,"minecraft:crimson_nylium":17,"storagedrawers:controller":2,"infernalexp:planted_quartz":1,"minecraft:torch":10,"iceandfire:dragon_ice_spikes":7,"minecraft:chiseled_quartz_block":2,"minecraft:blast_furnace":1,"minecraft:poppy":1,"iceandfire:ghost_chest":2,"minecraft:chest":10,"minecraft:nether_quartz_ore":21,"minecraft:cobblestone":52,"minecraft:oak_planks":10,"minecraft:sugar_cane":35,"minecraft:wall_torch":21,"minecraft:seagrass":3,"minecraft:dark_oak_slab":3,"infernalexp:shroomlight_fungus":1,"minecraft:nether_wart_block":234,"minecraft:birch_log":56,"storagedrawers:oak_full_drawers_1":8,"minecraft:stone_brick_stairs":10,"minecraft:grass":77,"minecraft:oak_log":217,"minecraft:dirt":48,"minecraft:sand":41,"minecraft:sandstone_wall":1,"minecraft:dispenser":1,"minecraft:tripwire_hook":1,"minecraft:stonecutter":1,"minecraft:netherrack":264,"minecraft:piston":2,"minecraft:oak_leaves":9,"farlanders:endumium_ore":4,"minecraft:nether_gold_ore":8,"minecraft:diamond_ore":31,"minecraft:mossy_cobblestone":5,"minecraft:oak_door":2,"minecraft:dark_oak_log":506,"minecraft:nether_bricks":30,"minecraft:spruce_fence":3,"minecraft:crimson_roots":4,"minecraft:weeping_vines":1,"minecraft:potted_bamboo":1,"minecraft:kelp":2,"minecraft:sandstone":3,"minecraft:crimson_stem":8,"minecraft:large_fern":1,"minecraft:hay_block":30,"minecraft:redstone_ore":13,"minecraft:oak_trapdoor":1,"minecraft:furnace":7,"minecraft:andesite":82,"minecraft:black_concrete":2,"minecraft:diamond_block":1,"minecraft:gold_block":25,"minecraft:nether_brick_fence":3,"minecraft:mossy_stone_brick_stairs":4,"minecraft:bookshelf":80,"minecraft:cobblestone_slab":13,"minecraft:shroomlight":4,"minecraft:vine":2,"storagedrawers:birch_full_drawers_1":12,"minecraft:stone":2498,"minecraft:redstone_block":1,"minecraft:soul_sand":18,"minecraft:oak_fence":1,"minecraft:crafting_table":15,"minecraft:emerald_ore":14,"minecraft:lectern":6,"oresabovediamonds:amethyst_ore":1,"minecraft:tall_grass":5,"minecraft:lapis_ore":20,"minecraft:diorite":207,"minecraft:spruce_stairs":12,"minecraft:birch_planks":3,"minecraft:trapped_chest":1,"minecraft:birch_leaves":1,"minecraft:coal_ore":204,"minecraft:gravel":45,"minecraft:cobweb":18,"minecraft:cracked_stone_bricks":7,"minecraft:stripped_acacia_wood":1,"minecraft:stone_bricks":10,"piratesandlootersreborn:palm_desk":3,"minecraft:mossy_stone_bricks":8,"minecraft:gold_ore":9,"piratesandlootersreborn:palm_desk_slab":1,"paraglider:goddess_statue":2},"minecraft:broken":{"minecraft:golden_boots":1,"minecraft:iron_boots":1,"minecraft:iron_chestplate":2,"minecraft:iron_leggings":2,"minecraft:stone_pickaxe":1,"minecraft:wooden_axe":1,"minecraft:iron_axe":3,"minecraft:iron_pickaxe":2,"minecraft:iron_helmet":2},"minecraft:dropped":{"sophisticatedbackpacks:iron_backpack":1,"tac:scar_h":1,"minecraft:dark_oak_stairs":2,"minecraft:lapis_lazuli":66,"minecraft:oak_log":3,"minecraft:leather":2,"minecraft:cracked_stone_bricks":5,"travelersbackpack:standard":1,"minecraft:emerald":1,"minecraft:cobblestone_stairs":4,"sophisticatedbackpacks:gold_backpack":2,"minecraft:dirt":24,"tombstone:bag_of_seeds":2,"minecraft:red_bed":7,"minecraft:black_concrete":2,"paraglider:paraglider":1,"minecraft:white_wool":6,"minecraft:gold_ingot":85,"minecraft:bone":14,"minecraft:gravel":14,"minecraft:lever":1,"minecraft:cooked_chicken":3,"minecraft:iron_nugget":64,"piratesandlootersreborn:illager_silver_bar":3,"infernalexp:shroomlight_fungus":1,"minecraft:rotten_flesh":17,"cgm:assault_rifle":1,"minecraft:chainmail_chestplate":1,"minecraft:sandstone_wall":1,"minecraft:leather_chestplate":1,"minecraft:gunpowder":30,"minecraft:quartz_block":1,"minecraft:melon_seeds":7,"minecraft:leather_boots":1,"minecraft:painting":1,"minecraft:arrow":6,"minecraft:iron_ore":10,"minecraft:red_nether_bricks":1,"minecraft:iron_bars":17,"iceandfire:sea_serpent_scales_blue":6,"minecraft:stone_brick_stairs":7,"minecraft:netherrack":9,"minecraft:golden_boots":1,"minecraft:bread":10,"minecraft:wheat_seeds":4,"minecraft:golden_helmet":1,"minecraft:mossy_cobblestone":6,"minecraft:poisonous_potato":10,"minecraft:iron_helmet":2,"minecraft:feather":11,"minecraft:cobblestone":73,"minecraft:granite":22,"storagedrawers:birch_full_drawers_1":5,"minecraft:spruce_stairs":12,"minecraft:grass_block":2,"minecraft:coal":2,"minecraft:stick":8,"minecraft:gray_wool":2,"minecraft:diorite":21,"iceandfire:silver_sword":1,"minecraft:nether_wart_block":1,"tombstone:grave_dust":1,"minecraft:potion":1,"minecraft:iron_leggings":1,"minecraft:mossy_cobblestone_stairs":2,"minecraft:string":3,"minecraft:stone_sword":1,"minecraft:cocoa_beans":2,"minecraft:light_gray_wool":2,"minecraft:stripped_acacia_wood":1,"minecraft:flint_and_steel":1,"minecraft:filled_map":1,"minecraft:shield":1,"minecraft:flower_pot":1,"minecraft:spruce_planks":10,"minecraft:iron_chestplate":2,"minecraft:andesite":4,"minecraft:mossy_stone_bricks":5,"minecraft:oak_sapling":4,"minecraft:spider_eye":1,"minecraft:stone_bricks":13,"minecraft:light_gray_dye":1,"minecraft:sandstone":3,"minecraft:bow":2,"minecraft:wooden_pickaxe":1,"minecraft:black_wool":1}},"DataVersion":2586}