{"stats":{"minecraft:killed_by":{"iceandfire:sea_serpent":2,"piratesandlootersreborn:armatnik":1,"minecraft:blaze":1,"piratesandlootersreborn:capitan":2,"minecraft:skeleton":3},"minecraft:picked_up":{"minecraft:iron_chestplate":2,"minecraft:wheat":2,"minecraft:anvil":1,"cgm:basic_bullet":2212,"create:dolomite_cobblestone":1,"minecraft:redstone_block":1,"iceandfire:copper_sword":1,"minecraft:nether_brick_fence":2,"minecraft:flower_pot":1,"artifacts:umbrella":1,"minecraft:potion":9,"minecraft:nether_brick":6,"minecraft:stone_brick_stairs":17,"minecraft:golden_sword":1,"iceandfire:manuscript":7,"paraglider:goddess_statue":2,"minecraft:string":40,"minecraft:red_nether_bricks":1,"minecraft:iron_leggings":1,"minecraft:shroomlight":2,"minecraft:gold_nugget":54,"minecraft:spruce_planks":27,"minecraft:iron_pickaxe":1,"minecraft:coal_block":2,"minecraft:iron_boots":1,"minecraft:furnace":6,"minecraft:tipped_arrow":4,"minecraft:stick":96,"iceandfire:ghost_chest":3,"minecraft:oak_fence":1,"minecraft:torch":36,"minecraft:spruce_stairs":15,"minecraft:porkchop":6,"minecraft:sandstone_wall":1,"tombstone:grave_dust":17,"minecraft:diorite":106,"infernalexp:raw_hogchop":1,"minecraft:golden_chestplate":1,"easy_villagers:villager":3,"minecraft:quartz_block":1,"minecraft:stone_sword":1,"minecraft:rotten_flesh":126,"iceandfire:fire_dragon_heart":1,"minecraft:iron_block":6,"tac:qbz_95":1,"minecraft:iron_bars":17,"minecraft:blaze_rod":33,"minecraft:obsidian":15,"minecraft:cod":1,"minecraft:cobblestone":1476,"paraglider:paraglider":1,"minecraft:birch_log":37,"minecraft:enchanting_table":1,"minecraft:leather_chestplate":1,"minecraft:feather":11,"minecraft:cooked_beef":5,"minecraft:water_bucket":1,"minecraft:andesite":36,"minecraft:potato":1,"minecraft:chiseled_quartz_block":2,"paraglider:spirit_orb":158,"minecraft:flint":10,"piratesandlootersreborn:palm_desk":3,"minecraft:lantern":1,"minecraft:lapis_lazuli":106,"minecraft:dirt":106,"tombstone:familiar_receptacle":1,"minecraft:name_tag":1,"minecraft:leather_boots":2,"minecraft:bone":167,"create:copper_ore":1,"minecraft:stonecutter":1,"minecraft:wheat_seeds":6,"minecraft:mossy_stone_bricks":5,"minecraft:fletching_table":2,"minecraft:bamboo":1,"minecraft:oak_planks":39,"minecraft:mossy_stone_brick_stairs":3,"minecraft:black_terracotta":11,"minecraft:cooked_porkchop":6,"minecraft:stripped_acacia_wood":2,"minecraft:poisonous_potato":10,"iceandfire:dragon_skull_fire":1,"minecraft:sand":74,"sophisticatedbackpacks:iron_backpack":1,"minecraft:diamond_block":2,"minecraft:spectral_arrow":14,"minecraft:trapped_chest":2,"minecraft:mossy_cobblestone":6,"tombstone:scroll_of_mercy":1,"minecraft:light_gray_concrete":9,"minecraft:dispenser":1,"minecraft:diamond":33,"minecraft:black_concrete":4,"minecraft:lever":2,"waystones:waystone":26,"minecraft:granite":14,"minecraft:golden_apple":1,"minecraft:emerald":28,"piratesandlootersreborn:palm_desk_slab":1,"minecraft:bread":34,"minecraft:oak_sapling":65,"minecraft:netherrack":252,"minecraft:cocoa_beans":3,"minecraft:crimson_roots":4,"minecraft:diamond_pickaxe":1,"iceandfire:copper_ingot":1,"minecraft:leather_leggings":1,"sophisticatedbackpacks:gold_backpack":3,"minecraft:crafting_table":15,"minecraft:splash_potion":1,"minecraft:azure_bluet":1,"minecraft:chicken":10,"iceandfire:witherbone":4,"minecraft:ladder":4,"minecraft:nether_wart":20,"minecraft:brown_mushroom":2,"piratesandlootersreborn:illager_silver_bar":3,"minecraft:gold_block":30,"minecraft:shield":1,"iceandfire:sea_serpent_scales_blue":12,"minecraft:oak_trapdoor":1,"minecraft:red_bed":17,"minecraft:flint_and_steel":5,"minecraft:blackstone":20,"minecraft:cracked_stone_bricks":6,"minecraft:beef":78,"oresabovediamonds:amethyst":1,"minecraft:oak_boat":6,"minecraft:player_head":1,"minecraft:iron_nugget":58,"minecraft:poppy":1,"minecraft:light_gray_wool":2,"minecraft:lectern":6,"minecraft:sugar_cane":63,"minecraft:chest":2,"minecraft:birch_sapling":14,"minecraft:piston":2,"iceandfire:ice_dragon_heart":1,"minecraft:egg":5,"minecraft:sandstone":3,"iceandfire:dragonbone":17,"minecraft:oak_door":2,"minecraft:spruce_fence":3,"minecraft:fire_charge":3,"minecraft:carrot":5,"minecraft:redstone":53,"iceandfire:dragon_skull_ice":3,"iceandfire:silver_ingot":3,"minecraft:arrow":101,"iceandfire:sea_serpent_scales_purple":8,"minecraft:weeping_vines":5,"minecraft:stone_shovel":2,"minecraft:nether_bricks":19,"cgm:assault_rifle":3,"minecraft:hay_block":27,"minecraft:saddle":2,"minecraft:gold_ingot":16,"minecraft:totem_of_undying":1,"minecraft:mutton":39,"minecraft:white_wool":12,"minecraft:oxeye_daisy":2,"iceandfire:sea_serpent_fang":23,"minecraft:tripwire_hook":2,"minecraft:crimson_stem":8,"tac:58x42":350,"minecraft:leather":66,"minecraft:oak_log":205,"minecraft:chainmail_chestplate":2,"iceandfire:ectoplasm":3,"minecraft:nether_wart_block":142,"minecraft:gunpowder":55,"minecraft:cobblestone_stairs":2,"tombstone:voodoo_poppet":1,"iceandfire:dragonscales_blue":8,"tombstone:gift":2,"piratesandlootersreborn:pirate_spader":4,"minecraft:cooked_mutton":9,"minecraft:apple":21,"minecraft:stone_bricks":13,"minecraft:kelp":7,"minecraft:iron_ingot":40,"minecraft:cobweb":11,"minecraft:cooked_chicken":3,"minecraft:iron_ore":194,"tombstone:bag_of_seeds":3,"farlanders:endumium_crystal":3,"minecraft:iron_sword":1,"iceandfire:sea_serpent_scales_deepblue":13,"minecraft:soul_sand":29,"minecraft:dark_oak_stairs":3,"minecraft:book":239,"minecraft:tropical_fish_bucket":1,"minecraft:dark_oak_slab":3,"minecraft:quartz":30,"minecraft:gravel":47,"minecraft:blast_furnace":1,"minecraft:white_bed":1,"minecraft:gold_ore":9,"minecraft:crying_obsidian":3,"minecraft:spider_eye":2,"mowziesmobs:naga_fang":1,"infernalexp:shroomlight_fungus":3,"minecraft:diamond_shovel":1,"iceandfire:silver_sword":1,"minecraft:iron_helmet":2,"minecraft:painting":1,"minecraft:mossy_cobblestone_stairs":2,"iceandfire:ice_dragon_flesh":8,"tombstone:magic_scroll":6,"minecraft:melon_seeds":7,"minecraft:black_wool":1,"minecraft:coal":101,"minecraft:ender_pearl":10},"minecraft:broken":{"minecraft:golden_boots":1,"minecraft:iron_boots":1,"minecraft:iron_chestplate":2,"minecraft:iron_leggings":2,"minecraft:stone_pickaxe":1,"minecraft:wooden_axe":1,"minecraft:iron_axe":1,"minecraft:iron_pickaxe":2,"minecraft:iron_helmet":2},"minecraft:custom":{"minecraft:interact_with_crafting_table":94,"minecraft:open_barrel":37,"goblintraders:trade_with_goblin":104,"minecraft:leave_game":11,"minecraft:time_since_death":164073,"minecraft:damage_resisted":323,"minecraft:sprint_one_cm":1589734,"minecraft:damage_blocked_by_shield":585,"minecraft:drop":132,"minecraft:talked_to_villager":21,"minecraft:deaths":10,"minecraft:jump":8263,"minecraft:interact_with_brewingstand":12,"minecraft:enchant_item":7,"minecraft:walk_on_water_one_cm":233905,"minecraft:interact_with_furnace":73,"minecraft:traded_with_villager":3,"minecraft:play_one_minute":1040618,"minecraft:sleep_in_bed":6,"minecraft:waystone_activated":24,"minecraft:damage_dealt":50742,"minecraft:crouch_one_cm":43951,"tombstone:undead_killed":180,"minecraft:inspect_dispenser":1,"minecraft:interact_with_anvil":2,"minecraft:mob_kills":542,"minecraft:inspect_hopper":2,"tombstone:use_vanishing":1,"minecraft:damage_dealt_resisted":161,"minecraft:climb_one_cm":29700,"minecraft:walk_one_cm":1529680,"minecraft:damage_dealt_absorbed":100,"minecraft:sneak_time":21157,"minecraft:walk_under_water_one_cm":115516,"minecraft:boat_one_cm":510467,"tombstone:raider_killed":1,"minecraft:raid_trigger":1,"minecraft:interact_with_stonecutter":2,"minecraft:time_since_rest":41355,"minecraft:damage_taken":21578,"minecraft:damage_absorbed":1023,"minecraft:trigger_trapped_chest":6,"tombstone:cast_on_ally":0,"minecraft:swim_one_cm":280028,"minecraft:fly_one_cm":1165646,"minecraft:open_chest":291,"minecraft:fall_one_cm":162991},"minecraft:mined":{"minecraft:spruce_planks":24,"minecraft:white_bed":1,"create:dolomite":1,"minecraft:cobblestone_stairs":2,"minecraft:black_terracotta":17,"sophisticatedbackpacks:gold_backpack":1,"minecraft:red_nether_bricks":5,"minecraft:obsidian":15,"minecraft:granite":16,"minecraft:grass_block":48,"minecraft:coal_block":1,"minecraft:oxeye_daisy":2,"minecraft:nether_wart":10,"minecraft:spawner":81,"minecraft:mossy_cobblestone_stairs":1,"minecraft:iron_ore":173,"minecraft:fire":18,"create:copper_ore":1,"minecraft:anvil":1,"minecraft:fletching_table":2,"minecraft:nether_brick_stairs":2,"minecraft:azure_bluet":1,"minecraft:dark_oak_stairs":1,"minecraft:iron_bars":18,"minecraft:light_gray_concrete":9,"minecraft:iron_block":6,"minecraft:tripwire":2,"minecraft:quartz_block":1,"minecraft:brown_mushroom":2,"minecraft:red_bed":10,"minecraft:kelp_plant":1,"minecraft:crimson_nylium":11,"infernalexp:planted_quartz":1,"minecraft:torch":8,"iceandfire:dragon_ice_spikes":7,"minecraft:chiseled_quartz_block":2,"minecraft:blast_furnace":1,"minecraft:poppy":1,"iceandfire:ghost_chest":2,"minecraft:chest":2,"minecraft:nether_quartz_ore":21,"minecraft:cobblestone":39,"minecraft:oak_planks":10,"minecraft:sugar_cane":35,"minecraft:wall_torch":12,"minecraft:seagrass":3,"minecraft:dark_oak_slab":3,"infernalexp:shroomlight_fungus":1,"minecraft:nether_wart_block":232,"minecraft:birch_log":37,"minecraft:stone_brick_stairs":10,"minecraft:grass":74,"minecraft:oak_log":175,"minecraft:dirt":44,"minecraft:sand":41,"minecraft:sandstone_wall":1,"minecraft:dispenser":1,"minecraft:tripwire_hook":1,"minecraft:stonecutter":1,"minecraft:netherrack":251,"minecraft:piston":2,"minecraft:oak_leaves":9,"farlanders:endumium_ore":4,"minecraft:nether_gold_ore":8,"minecraft:diamond_ore":31,"minecraft:mossy_cobblestone":5,"minecraft:oak_door":2,"minecraft:nether_bricks":24,"minecraft:spruce_fence":3,"minecraft:crimson_roots":4,"minecraft:weeping_vines":1,"minecraft:potted_bamboo":1,"minecraft:kelp":2,"minecraft:sandstone":3,"minecraft:crimson_stem":8,"minecraft:large_fern":1,"minecraft:hay_block":27,"minecraft:redstone_ore":9,"minecraft:oak_trapdoor":1,"minecraft:furnace":6,"minecraft:andesite":44,"minecraft:black_concrete":2,"minecraft:diamond_block":1,"minecraft:gold_block":25,"minecraft:mossy_stone_brick_stairs":4,"minecraft:nether_brick_fence":3,"minecraft:bookshelf":80,"minecraft:shroomlight":4,"minecraft:vine":2,"minecraft:stone":1494,"minecraft:redstone_block":1,"minecraft:soul_sand":18,"minecraft:oak_fence":1,"minecraft:crafting_table":15,"minecraft:emerald_ore":14,"minecraft:lectern":6,"oresabovediamonds:amethyst_ore":1,"minecraft:tall_grass":5,"minecraft:lapis_ore":15,"minecraft:diorite":107,"minecraft:spruce_stairs":12,"minecraft:trapped_chest":1,"minecraft:birch_leaves":1,"minecraft:coal_ore":83,"minecraft:gravel":45,"minecraft:cobweb":18,"minecraft:cracked_stone_bricks":7,"minecraft:stripped_acacia_wood":1,"minecraft:stone_bricks":10,"piratesandlootersreborn:palm_desk":3,"minecraft:mossy_stone_bricks":8,"minecraft:gold_ore":9,"piratesandlootersreborn:palm_desk_slab":1,"paraglider:goddess_statue":2},"minecraft:crafted":{"minecraft:light_gray_concrete_powder":16,"minecraft:smooth_stone":3,"minecraft:oak_planks":1048,"minecraft:cooked_chicken":7,"minecraft:blaze_powder":32,"minecraft:stone":6,"minecraft:bookshelf":30,"minecraft:cooked_mutton":7,"minecraft:glass":33,"minecraft:hopper":2,"tombstone:dust_of_vanishing":1,"minecraft:diamond_helmet":1,"minecraft:diamond_leggings":1,"minecraft:iron_boots":2,"tombstone:grave_key":2,"minecraft:chest":18,"corail_recycler:recycler":1,"minecraft:golden_boots":1,"minecraft:glass_bottle":30,"sophisticatedbackpacks:backpack":2,"minecraft:emerald":16,"minecraft:cooked_porkchop":6,"minecraft:diamond_axe":1,"minecraft:crafting_table":11,"minecraft:wooden_pickaxe":1,"minecraft:iron_helmet":2,"minecraft:brewing_stand":2,"minecraft:iron_chestplate":2,"minecraft:book":1,"minecraft:paper":3,"minecraft:diamond_pickaxe":2,"minecraft:shield":2,"minecraft:stick":548,"minecraft:iron_ingot":213,"minecraft:iron_pickaxe":2,"minecraft:stone_sword":1,"minecraft:iron_block":1,"minecraft:gold_ingot":85,"minecraft:light_gray_dye":3,"tac:workbench":1,"minecraft:oak_door":6,"minecraft:stone_shovel":1,"minecraft:iron_nugget":342,"iceandfire:dragonbone_sword_fire":1,"minecraft:furnace":5,"minecraft:blast_furnace":1,"minecraft:bone_meal":45,"minecraft:oak_trapdoor":4,"minecraft:leather":79,"minecraft:iron_axe":1,"minecraft:stone_pickaxe":2,"minecraft:diamond_boots":1,"cgm:workbench":1,"storagedrawers:oak_trim":4,"sophisticatedbackpacks:iron_backpack":2,"minecraft:wheat":210,"minecraft:cooked_beef":38,"minecraft:sugar":1,"paraglider:paraglider":1,"iceandfire:dragonbone_sword":1,"minecraft:enchanting_table":1,"minecraft:iron_sword":1,"minecraft:cooked_salmon":11,"sophisticatedbackpacks:gold_backpack":2,"minecraft:bucket":1,"minecraft:stone_axe":1,"minecraft:enchanted_book":1,"minecraft:air":0,"minecraft:bread":64,"minecraft:oak_boat":6,"minecraft:golden_apple":3,"minecraft:andesite_slab":6,"minecraft:fermented_spider_eye":1,"minecraft:wooden_axe":1,"minecraft:iron_shovel":1,"minecraft:iron_leggings":2,"minecraft:stonecutter":1,"minecraft:white_bed":1,"minecraft:torch":100,"minecraft:diamond_chestplate":1},"minecraft:killed":{"minecraft:cave_spider":4,"minecraft:witch":1,"minecraft:zombified_piglin":1,"minecraft:spider":11,"dungeons_mobs:fungus_thrower":6,"minecraft:skeleton":84,"piratesandlootersreborn:hgt":1,"minecraft:chicken":4,"minecraft:silverfish":25,"piratesandlootersreborn:capitan":9,"artifacts:mimic":1,"minecraft:magma_cube":2,"minecraft:piglin":1,"minecraft:pig":4,"piratesandlootersreborn:th":19,"minecraft:creeper":19,"minecraft:sheep":14,"minecraft:zombie":65,"minecraft:stray":15,"infernalexp:shroomloin":3,"iceandfire:sea_serpent":4,"minecraft:blaze":113,"minecraft:cow":18,"mowziesmobs:naga":1,"iceandfire:fire_dragon":1,"farlanders:mystic_enderminion":2,"minecraft:drowned":4,"piratesandlootersreborn:capitan_albrecht":1,"minecraft:hoglin":2,"iceandfire:ghost":1,"iceandfire:ice_dragon":1,"minecraft:wither_skeleton":9},"minecraft:dropped":{"sophisticatedbackpacks:iron_backpack":1,"minecraft:dark_oak_stairs":2,"minecraft:oak_log":3,"minecraft:cracked_stone_bricks":5,"travelersbackpack:standard":1,"minecraft:cobblestone_stairs":2,"sophisticatedbackpacks:gold_backpack":2,"minecraft:dirt":24,"tombstone:bag_of_seeds":2,"minecraft:red_bed":7,"minecraft:black_concrete":2,"paraglider:paraglider":1,"minecraft:white_wool":1,"minecraft:gold_ingot":18,"minecraft:bone":6,"minecraft:gravel":14,"minecraft:lever":1,"minecraft:cooked_chicken":3,"minecraft:iron_nugget":64,"piratesandlootersreborn:illager_silver_bar":3,"infernalexp:shroomlight_fungus":1,"minecraft:rotten_flesh":17,"cgm:assault_rifle":1,"minecraft:chainmail_chestplate":1,"minecraft:sandstone_wall":1,"minecraft:leather_chestplate":1,"minecraft:gunpowder":30,"minecraft:melon_seeds":7,"minecraft:leather_boots":1,"minecraft:painting":1,"minecraft:iron_ore":10,"minecraft:red_nether_bricks":1,"minecraft:iron_bars":17,"minecraft:arrow":5,"iceandfire:sea_serpent_scales_blue":6,"minecraft:stone_brick_stairs":7,"minecraft:netherrack":8,"minecraft:bread":10,"minecraft:wheat_seeds":4,"minecraft:golden_helmet":1,"minecraft:mossy_cobblestone":6,"minecraft:poisonous_potato":10,"minecraft:iron_helmet":2,"minecraft:feather":11,"minecraft:cobblestone":23,"minecraft:granite":10,"minecraft:spruce_stairs":12,"minecraft:coal":2,"minecraft:stick":8,"minecraft:diorite":11,"iceandfire:silver_sword":1,"minecraft:iron_leggings":1,"minecraft:mossy_cobblestone_stairs":2,"minecraft:stone_sword":1,"minecraft:cocoa_beans":2,"minecraft:light_gray_wool":2,"minecraft:stripped_acacia_wood":1,"minecraft:flint_and_steel":1,"minecraft:filled_map":1,"minecraft:flower_pot":1,"minecraft:spruce_planks":10,"minecraft:iron_chestplate":2,"minecraft:mossy_stone_bricks":5,"minecraft:oak_sapling":4,"minecraft:stone_bricks":13,"minecraft:spider_eye":1,"minecraft:light_gray_dye":1,"minecraft:sandstone":3,"minecraft:wooden_pickaxe":1},"minecraft:used":{"minecraft:iron_shovel":8,"iceandfire:dragon_skull_ice":3,"minecraft:poppy":1,"minecraft:chest":11,"minecraft:shield":12,"minecraft:iron_sword":38,"paraglider:goddess_statue":2,"minecraft:mutton":3,"minecraft:obsidian":10,"minecraft:glass":1,"minecraft:lava_bucket":1,"minecraft:dark_oak_slab":4,"minecraft:crimson_roots":1,"carryon:tile_item":6,"minecraft:oak_sapling":1,"minecraft:cooked_cod":32,"minecraft:furnace":8,"minecraft:egg":4,"minecraft:diorite":14,"minecraft:oak_planks":51,"minecraft:stone_pickaxe":203,"minecraft:ender_pearl":4,"minecraft:wooden_pickaxe":59,"minecraft:sugar_cane":40,"minecraft:diamond_axe":155,"minecraft:golden_apple":19,"minecraft:blast_furnace":2,"tombstone:dust_of_vanishing":1,"minecraft:chiseled_quartz_block":2,"minecraft:black_terracotta":6,"waystones:waystone":22,"easy_villagers:villager":13,"iceandfire:dragonbone_sword":260,"minecraft:bread":70,"minecraft:light_gray_concrete":1,"minecraft:lectern":6,"tombstone:grave_key":11,"infernalexp:shroomlight_fungus":1,"cgm:assault_rifle":1823,"minecraft:nether_wart_block":250,"minecraft:birch_log":37,"minecraft:oak_boat":10,"minecraft:oak_trapdoor":4,"minecraft:stone_sword":39,"minecraft:enchanting_table":1,"iceandfire:silver_sword":261,"minecraft:flint_and_steel":12,"minecraft:stone_shovel":35,"minecraft:spruce_planks":8,"minecraft:cooked_salmon":11,"travelersbackpack:bat":2,"minecraft:cooked_chicken":7,"minecraft:netherrack":111,"minecraft:oak_door":4,"minecraft:torch":118,"minecraft:brewing_stand":2,"minecraft:anvil":1,"minecraft:dirt":21,"cgm:workbench":1,"minecraft:hopper":2,"minecraft:spruce_stairs":1,"minecraft:shroomlight":4,"minecraft:wooden_axe":15,"minecraft:bookshelf":24,"minecraft:iron_axe":11,"minecraft:bamboo":1,"minecraft:golden_carrot":1,"tombstone:gift":9,"minecraft:cooked_beef":51,"minecraft:enchanted_golden_apple":4,"sophisticatedbackpacks:gold_backpack":1,"minecraft:crimson_stem":8,"minecraft:cooked_mutton":13,"tac:workbench":1,"minecraft:water_bucket":37,"tombstone:scroll_of_knowledge":6,"minecraft:cobblestone_stairs":53,"minecraft:glass_bottle":9,"minecraft:baked_potato":5,"minecraft:andesite_slab":2,"minecraft:brown_mushroom":1,"minecraft:fletching_table":2,"minecraft:stonecutter":2,"minecraft:crafting_table":26,"minecraft:red_bed":8,"corail_recycler:recycler":1,"minecraft:white_bed":2,"minecraft:light_gray_concrete_powder":16,"tombstone:bag_of_seeds":1,"minecraft:oak_log":166,"minecraft:diamond_pickaxe":1967,"minecraft:apple":3,"iceandfire:dragonbone_sword_fire":357,"minecraft:iron_pickaxe":501,"tombstone:magic_scroll":14,"minecraft:stone_axe":10,"minecraft:cobblestone":508,"minecraft:potion":1,"travelersbackpack:standard":5,"minecraft:cooked_porkchop":12,"minecraft:bucket":39,"minecraft:splash_potion":4}},"DataVersion":2586}