{"stats":{"minecraft:broken":{"minecraft:stone_pickaxe":1,"minecraft:wooden_axe":1},"minecraft:picked_up":{"cgm:basic_bullet":736,"minecraft:crafting_table":13,"minecraft:iron_chestplate":1,"minecraft:wheat":2,"minecraft:azure_bluet":1,"create:dolomite_cobblestone":1,"minecraft:chicken":10,"minecraft:anvil":1,"minecraft:gold_block":17,"minecraft:shield":1,"minecraft:golden_sword":1,"iceandfire:sea_serpent_scales_blue":12,"iceandfire:manuscript":7,"paraglider:goddess_statue":2,"minecraft:string":28,"minecraft:flint_and_steel":2,"minecraft:iron_leggings":1,"minecraft:spruce_planks":2,"minecraft:beef":61,"oresabovediamonds:amethyst":1,"minecraft:oak_boat":3,"minecraft:player_head":1,"minecraft:iron_nugget":25,"minecraft:iron_pickaxe":1,"minecraft:light_gray_wool":2,"minecraft:sugar_cane":29,"minecraft:furnace":6,"minecraft:egg":4,"minecraft:sandstone":3,"minecraft:stick":50,"iceandfire:ghost_chest":1,"minecraft:oak_door":2,"minecraft:torch":12,"minecraft:porkchop":6,"minecraft:diorite":37,"minecraft:carrot":5,"minecraft:redstone":3,"easy_villagers:villager":3,"iceandfire:sea_serpent_scales_purple":8,"minecraft:stone_sword":1,"minecraft:arrow":7,"minecraft:stone_shovel":2,"minecraft:rotten_flesh":59,"cgm:assault_rifle":3,"minecraft:hay_block":24,"minecraft:saddle":2,"minecraft:obsidian":15,"minecraft:mutton":32,"minecraft:cod":1,"minecraft:white_wool":10,"minecraft:cobblestone":527,"minecraft:oxeye_daisy":2,"paraglider:paraglider":1,"minecraft:enchanting_table":1,"minecraft:feather":11,"minecraft:cooked_beef":3,"iceandfire:sea_serpent_fang":17,"minecraft:water_bucket":1,"minecraft:leather":42,"paraglider:spirit_orb":44,"minecraft:flint":1,"minecraft:oak_log":58,"minecraft:gunpowder":22,"tombstone:voodoo_poppet":1,"minecraft:lapis_lazuli":52,"minecraft:dirt":58,"tombstone:familiar_receptacle":1,"minecraft:name_tag":1,"minecraft:cooked_mutton":9,"minecraft:bone":34,"create:copper_ore":1,"minecraft:apple":11,"minecraft:wheat_seeds":3,"minecraft:iron_ingot":40,"minecraft:cobweb":6,"minecraft:cooked_chicken":3,"minecraft:iron_ore":98,"farlanders:endumium_crystal":3,"minecraft:fletching_table":1,"iceandfire:sea_serpent_scales_deepblue":13,"minecraft:oak_planks":3,"minecraft:book":24,"minecraft:tropical_fish_bucket":1,"minecraft:cooked_porkchop":6,"minecraft:gravel":7,"minecraft:sand":74,"minecraft:blast_furnace":1,"tombstone:scroll_of_mercy":1,"minecraft:trapped_chest":1,"minecraft:spider_eye":2,"mowziesmobs:naga_fang":1,"minecraft:light_gray_concrete":9,"minecraft:diamond":15,"iceandfire:silver_sword":1,"waystones:waystone":9,"minecraft:iron_helmet":1,"minecraft:granite":10,"minecraft:painting":1,"minecraft:golden_apple":1,"minecraft:bread":34,"minecraft:emerald":14,"tombstone:magic_scroll":1,"minecraft:oak_sapling":5,"minecraft:diamond_pickaxe":1,"minecraft:netherrack":1,"minecraft:coal":57,"minecraft:crimson_roots":1,"minecraft:ender_pearl":10},"minecraft:used":{"minecraft:stone_sword":39,"minecraft:enchanting_table":1,"iceandfire:silver_sword":159,"minecraft:iron_shovel":8,"minecraft:flint_and_steel":12,"minecraft:stone_shovel":35,"minecraft:chest":6,"minecraft:shield":12,"minecraft:iron_sword":38,"minecraft:cooked_salmon":8,"travelersbackpack:bat":2,"minecraft:cooked_chicken":7,"minecraft:oak_door":4,"minecraft:torch":54,"paraglider:goddess_statue":2,"minecraft:mutton":3,"minecraft:dirt":10,"minecraft:anvil":1,"cgm:workbench":1,"minecraft:obsidian":10,"minecraft:wooden_axe":15,"minecraft:lava_bucket":1,"minecraft:iron_axe":8,"minecraft:crimson_roots":1,"minecraft:golden_carrot":1,"minecraft:oak_sapling":1,"minecraft:furnace":8,"tombstone:gift":5,"minecraft:egg":4,"minecraft:cooked_beef":3,"minecraft:enchanted_golden_apple":2,"minecraft:cooked_mutton":9,"minecraft:water_bucket":11,"tombstone:scroll_of_knowledge":6,"minecraft:stone_pickaxe":203,"minecraft:oak_planks":5,"minecraft:wooden_pickaxe":59,"minecraft:fletching_table":1,"minecraft:golden_apple":4,"minecraft:crafting_table":21,"minecraft:blast_furnace":2,"minecraft:white_bed":1,"minecraft:light_gray_concrete_powder":16,"minecraft:oak_log":56,"waystones:waystone":4,"easy_villagers:villager":4,"minecraft:diamond_pickaxe":488,"minecraft:apple":3,"minecraft:light_gray_concrete":1,"minecraft:bread":29,"minecraft:iron_pickaxe":103,"tombstone:grave_key":2,"cgm:assault_rifle":356,"minecraft:stone_axe":10,"travelersbackpack:standard":3,"minecraft:cobblestone":345,"minecraft:cooked_porkchop":6,"minecraft:bucket":13,"minecraft:oak_boat":7},"minecraft:crafted":{"minecraft:light_gray_concrete_powder":16,"minecraft:oak_door":6,"minecraft:smooth_stone":3,"minecraft:oak_planks":292,"minecraft:stone_shovel":1,"minecraft:iron_nugget":135,"minecraft:cooked_chicken":7,"minecraft:furnace":5,"minecraft:blast_furnace":1,"minecraft:stone":3,"minecraft:cooked_mutton":6,"minecraft:iron_boots":1,"minecraft:iron_axe":1,"tombstone:grave_key":1,"minecraft:stone_pickaxe":2,"minecraft:chest":10,"cgm:workbench":1,"storagedrawers:oak_trim":4,"minecraft:wheat":210,"paraglider:paraglider":1,"minecraft:cooked_porkchop":6,"minecraft:crafting_table":8,"minecraft:enchanting_table":1,"minecraft:wooden_pickaxe":1,"minecraft:iron_helmet":1,"minecraft:iron_sword":1,"minecraft:cooked_salmon":11,"minecraft:bucket":1,"minecraft:stone_axe":1,"minecraft:bread":64,"minecraft:air":0,"minecraft:oak_boat":5,"minecraft:iron_chestplate":1,"minecraft:book":1,"minecraft:paper":3,"minecraft:diamond_pickaxe":1,"minecraft:shield":2,"minecraft:stick":160,"minecraft:iron_ingot":139,"minecraft:iron_pickaxe":2,"minecraft:wooden_axe":1,"minecraft:stone_sword":1,"minecraft:iron_shovel":1,"minecraft:iron_leggings":1,"minecraft:light_gray_dye":3,"minecraft:white_bed":1,"minecraft:torch":72},"minecraft:killed":{"minecraft:cave_spider":1,"minecraft:spider":4,"minecraft:skeleton":11,"minecraft:chicken":4,"minecraft:drowned":2,"minecraft:pig":4,"minecraft:creeper":5,"minecraft:sheep":11,"minecraft:zombie":21,"iceandfire:sea_serpent":3,"minecraft:cow":12,"mowziesmobs:naga":1},"minecraft:custom":{"minecraft:mob_kills":83,"minecraft:interact_with_crafting_table":49,"minecraft:open_barrel":14,"goblintraders:trade_with_goblin":60,"minecraft:leave_game":6,"minecraft:time_since_death":17677,"minecraft:climb_one_cm":3544,"minecraft:damage_resisted":103,"minecraft:sprint_one_cm":678283,"minecraft:walk_one_cm":666968,"minecraft:damage_blocked_by_shield":585,"minecraft:drop":60,"minecraft:damage_dealt_absorbed":40,"minecraft:talked_to_villager":4,"minecraft:sneak_time":9428,"minecraft:deaths":5,"minecraft:walk_under_water_one_cm":59127,"minecraft:boat_one_cm":297718,"minecraft:jump":4310,"minecraft:walk_on_water_one_cm":106438,"minecraft:interact_with_furnace":47,"minecraft:play_one_minute":485002,"minecraft:sleep_in_bed":2,"minecraft:time_since_rest":17485,"minecraft:waystone_activated":6,"minecraft:damage_taken":6068,"minecraft:damage_absorbed":302,"minecraft:trigger_trapped_chest":1,"minecraft:damage_dealt":9057,"tombstone:cast_on_ally":0,"minecraft:swim_one_cm":163819,"minecraft:fly_one_cm":641461,"minecraft:open_chest":77,"minecraft:crouch_one_cm":18286,"tombstone:undead_killed":34,"minecraft:fall_one_cm":81518},"minecraft:killed_by":{"iceandfire:sea_serpent":2,"piratesandlootersreborn:capitan":1,"minecraft:skeleton":1},"minecraft:dropped":{"minecraft:bread":10,"minecraft:wheat_seeds":1,"minecraft:golden_helmet":1,"minecraft:oak_log":1,"minecraft:feather":11,"minecraft:iron_helmet":1,"minecraft:cobblestone":8,"minecraft:granite":10,"travelersbackpack:standard":1,"minecraft:stick":2,"minecraft:dirt":21,"minecraft:diorite":11,"minecraft:iron_leggings":1,"paraglider:paraglider":1,"minecraft:white_wool":1,"minecraft:gravel":2,"minecraft:iron_nugget":64,"minecraft:cooked_chicken":3,"minecraft:stone_sword":1,"minecraft:rotten_flesh":16,"minecraft:light_gray_wool":2,"cgm:assault_rifle":1,"minecraft:flint_and_steel":1,"minecraft:gunpowder":30,"minecraft:spruce_planks":2,"minecraft:iron_chestplate":1,"minecraft:oak_sapling":4,"minecraft:painting":1,"minecraft:spider_eye":1,"minecraft:light_gray_dye":1,"iceandfire:sea_serpent_scales_blue":6,"minecraft:sandstone":3,"minecraft:iron_ore":10,"minecraft:arrow":5,"minecraft:wooden_pickaxe":1,"minecraft:netherrack":1},"minecraft:mined":{"farlanders:endumium_ore":3,"minecraft:spruce_planks":2,"minecraft:diamond_ore":15,"create:dolomite":1,"minecraft:oak_door":2,"minecraft:obsidian":15,"minecraft:granite":10,"minecraft:grass_block":27,"minecraft:crimson_roots":1,"minecraft:oxeye_daisy":2,"minecraft:sandstone":3,"minecraft:spawner":19,"minecraft:hay_block":24,"minecraft:furnace":6,"minecraft:iron_ore":77,"minecraft:fire":4,"minecraft:andesite":7,"create:copper_ore":1,"minecraft:fletching_table":1,"minecraft:anvil":1,"minecraft:azure_bluet":1,"minecraft:gold_block":12,"minecraft:bookshelf":8,"minecraft:vine":2,"minecraft:light_gray_concrete":9,"minecraft:stone":503,"iceandfire:dragon_ice_spikes":5,"minecraft:crafting_table":13,"minecraft:torch":3,"minecraft:blast_furnace":1,"minecraft:emerald_ore":14,"iceandfire:ghost_chest":1,"oresabovediamonds:amethyst_ore":1,"minecraft:tall_grass":2,"minecraft:cobblestone":23,"minecraft:lapis_ore":8,"minecraft:sugar_cane":14,"minecraft:diorite":37,"minecraft:wall_torch":1,"minecraft:birch_leaves":1,"minecraft:grass":47,"minecraft:oak_log":63,"minecraft:coal_ore":42,"minecraft:sand":41,"minecraft:gravel":12,"minecraft:dirt":32,"minecraft:cobweb":16,"minecraft:netherrack":1,"minecraft:oak_leaves":7,"paraglider:goddess_statue":2}},"DataVersion":2586}