{"stats":{"minecraft:picked_up":{"minecraft:wooden_axe":1,"minecraft:crafting_table":14,"cgm:basic_bullet":244,"iceandfire:copper_ore":4,"create:limestone_cobblestone":6,"minecraft:string":34,"minecraft:beef":10,"minecraft:oak_boat":2,"create:zinc_ore":43,"minecraft:iron_nugget":39,"minecraft:light_gray_wool":1,"minecraft:birch_sapling":9,"minecraft:furnace":2,"minecraft:egg":1,"minecraft:stick":91,"minecraft:oak_door":2,"minecraft:torch":38,"minecraft:porkchop":6,"tombstone:grave_dust":3,"minecraft:diorite":171,"minecraft:arrow":5,"cgm:assault_rifle":1,"minecraft:mutton":9,"minecraft:birch_log":26,"minecraft:white_wool":5,"minecraft:cobblestone":1801,"paraglider:paraglider":1,"minecraft:andesite":48,"minecraft:leather":5,"paraglider:spirit_orb":2,"minecraft:flint":5,"minecraft:oak_log":527,"create:gabbro_cobblestone":36,"minecraft:gunpowder":30,"minecraft:dirt":51,"minecraft:bone":6,"create:copper_ore":87,"minecraft:apple":15,"minecraft:kelp":8,"minecraft:bow":1,"minecraft:wheat_seeds":3,"minecraft:cooked_chicken":3,"minecraft:iron_ingot":1,"minecraft:iron_ore":171,"minecraft:gravel":99,"minecraft:gold_ore":2,"minecraft:spider_eye":2,"travelersbackpack:standard":3,"minecraft:granite":114,"minecraft:painting":6,"minecraft:gray_wool":1,"minecraft:emerald":1,"minecraft:bread":10,"minecraft:oak_sapling":128,"minecraft:coal":298},"minecraft:custom":{"minecraft:mob_kills":29,"minecraft:interact_with_crafting_table":46,"minecraft:open_barrel":8,"goblintraders:trade_with_goblin":8,"minecraft:leave_game":6,"minecraft:time_since_death":297402,"minecraft:sprint_one_cm":274403,"minecraft:walk_one_cm":574709,"minecraft:damage_blocked_by_shield":460,"minecraft:drop":50,"minecraft:talked_to_villager":2,"minecraft:sneak_time":2853,"minecraft:walk_under_water_one_cm":7055,"minecraft:boat_one_cm":69043,"minecraft:jump":1605,"minecraft:walk_on_water_one_cm":15355,"minecraft:interact_with_furnace":58,"minecraft:play_one_minute":297402,"minecraft:sleep_in_bed":2,"minecraft:time_since_rest":12522,"minecraft:waystone_activated":1,"minecraft:damage_taken":1001,"minecraft:damage_dealt":3095,"minecraft:swim_one_cm":6232,"minecraft:fly_one_cm":128984,"minecraft:open_chest":47,"minecraft:crouch_one_cm":6072,"tombstone:undead_killed":5,"minecraft:fall_one_cm":15969},"minecraft:crafted":{"minecraft:oak_door":3,"minecraft:oak_planks":260,"minecraft:stone_shovel":1,"create:copper_ingot":23,"minecraft:furnace":1,"minecraft:cooked_mutton":6,"minecraft:oak_trapdoor":8,"minecraft:iron_boots":1,"minecraft:iron_axe":3,"minecraft:stone_pickaxe":10,"minecraft:chest":7,"iceandfire:copper_pickaxe":2,"minecraft:cooked_beef":10,"minecraft:emerald":8,"sophisticatedbackpacks:backpack":1,"minecraft:cooked_porkchop":6,"minecraft:crafting_table":1,"minecraft:wooden_pickaxe":1,"minecraft:iron_helmet":1,"minecraft:iron_sword":1,"iceandfire:copper_sword":1,"minecraft:stone_axe":1,"minecraft:painting":3,"minecraft:air":0,"minecraft:iron_chestplate":1,"minecraft:shield":1,"minecraft:stick":28,"minecraft:iron_ingot":82,"minecraft:iron_pickaxe":7,"minecraft:wooden_axe":1,"minecraft:stone_sword":1,"minecraft:iron_leggings":1,"minecraft:torch":160,"create:zinc_ingot":43},"minecraft:used":{"minecraft:oak_trapdoor":7,"minecraft:stone_sword":4,"minecraft:stone_shovel":91,"minecraft:chest":6,"minecraft:shield":13,"minecraft:iron_sword":64,"minecraft:oak_door":1,"minecraft:torch":129,"minecraft:dirt":1,"iceandfire:copper_sword":12,"minecraft:wooden_axe":19,"minecraft:iron_axe":100,"iceandfire:copper_pickaxe":4,"minecraft:furnace":3,"minecraft:cooked_beef":8,"minecraft:cooked_mutton":4,"minecraft:diorite":3,"minecraft:stone_pickaxe":1312,"minecraft:oak_planks":105,"minecraft:wooden_pickaxe":13,"minecraft:crafting_table":14,"minecraft:painting":8,"minecraft:oak_log":538,"minecraft:apple":1,"minecraft:bread":10,"minecraft:iron_pickaxe":1414,"cgm:assault_rifle":25,"minecraft:stone_axe":40,"minecraft:cobblestone":546,"travelersbackpack:standard":6,"minecraft:andesite":9,"minecraft:birch_log":26,"minecraft:cobweb":4},"minecraft:killed":{"minecraft:cave_spider":3,"minecraft:skeleton":4,"minecraft:silverfish":4,"minecraft:pig":3,"minecraft:creeper":1,"minecraft:sheep":7,"minecraft:zombie":1,"minecraft:cow":6},"minecraft:mined":{"create:zinc_ore":43,"minecraft:granite":112,"minecraft:spawner":1,"minecraft:furnace":2,"iceandfire:copper_ore":4,"minecraft:iron_ore":160,"minecraft:fire":3,"minecraft:andesite":48,"create:copper_ore":87,"minecraft:stone":1752,"create:limestone":6,"travelersbackpack:standard":2,"minecraft:crafting_table":14,"minecraft:torch":20,"minecraft:emerald_ore":1,"minecraft:tall_grass":1,"minecraft:cobblestone":49,"minecraft:diorite":170,"minecraft:wall_torch":12,"minecraft:seagrass":1,"minecraft:birch_log":26,"minecraft:lilac":1,"minecraft:grass":18,"create:gabbro":36,"minecraft:oak_log":556,"minecraft:coal_ore":236,"minecraft:gravel":71,"minecraft:dirt":49,"minecraft:cobweb":34,"minecraft:gold_ore":2,"minecraft:oak_leaves":2,"minecraft:infested_stone":2},"minecraft:broken":{"minecraft:stone_pickaxe":10,"minecraft:iron_axe":1,"minecraft:stone_axe":1,"minecraft:iron_pickaxe":5},"minecraft:dropped":{"minecraft:iron_ingot":22,"minecraft:wheat_seeds":2,"minecraft:cooked_beef":2,"minecraft:cooked_porkchop":6,"minecraft:granite":12,"minecraft:dirt":21,"minecraft:gray_wool":1,"minecraft:diorite":40,"minecraft:wooden_axe":2,"tombstone:grave_dust":3,"minecraft:bone":1,"minecraft:oak_door":2,"minecraft:kelp":8,"minecraft:cooked_chicken":3,"minecraft:gunpowder":15,"cgm:basic_bullet":20,"minecraft:andesite":3,"minecraft:oak_sapling":10,"minecraft:spider_eye":1,"minecraft:wooden_pickaxe":1}},"DataVersion":2586}