{
  "iceandfire:iceandfire/root": {
    "criteria": {
      "tick": "2024-07-12 00:46:29 +0000"
    },
    "done": true
  },
  "tombstone:adventure/root": {
    "criteria": {
      "auto": "2024-07-12 00:46:28 +0000"
    },
    "done": true
  },
  "mowziesmobs:root": {
    "criteria": {
      "custom_test_name": "2024-07-12 00:46:29 +0000"
    },
    "done": true
  },
  "minecraft:adventure/adventuring_time": {
    "criteria": {
      "minecraft:plains": "2024-07-12 00:46:28 +0000"
    },
    "done": false
  },
  "DataVersion": 2586
}